material,customer,YearMonth,COGS,Sellin_Price,Sellout_Price,SellinQTY,SelloutQTY,SOH_QTY,MOC,Brand_Revenue_SAR,Brand_Profit_SAR,Retail_Value_SAR,Retailer_Profit_SAR
BG1024/16,Amazon,2025-10,79.6,139.3,133.8770786516854,14,243,66,0.27,1950.2,835.8,32532.13,-1317.77
BG1024/16,Amazon,2025-11,79.6,139.3,132.49733333333333,288,196,158,0.81,40118.4,17193.6,25969.48,-1333.32
BG1024/16,Amazon,2026-04,79.6,139.3,125.0,319,159,318,2.0,44436.7,19044.3,19875.0,-2273.7
BG1024/16,Dawa,2025-10,79.6,139.3,114.88,272,468,92,0.2,37889.6,16238.4,53763.84,-11428.56
BG1024/16,Extra,2025-10,79.6,139.3,103.49096153846153,709,476,489,1.03,98763.7,42327.3,49261.7,-17045.1
BG1024/16,Extra,2025-11,79.6,139.3,93.81818181818181,439,416,512,1.23,61152.7,26208.3,39028.36,-18920.44
BG1024/16,Extra,2025-12,79.6,139.3,104.1744966442953,257,359,410,1.14,35800.1,15342.9,37398.64,-12610.06
BG1024/16,Extra,2026-01,79.6,139.3,109.7741935483871,480,351,539,1.54,66864.0,28656.0,38530.74,-10363.56
BG1024/16,Extra,2026-02,79.6,139.3,119.96153846153847,422,339,622,1.83,58784.6,25193.4,40666.96,-6555.74
BG1024/16,Extra,2026-03,79.6,139.3,118.70967741935483,40,379,283,0.75,5572.0,2388.0,44990.97,-7803.73
BG1024/16,Extra,2026-04,79.6,139.3,121.86666666666666,573,410,446,1.09,79818.9,34208.1,49965.33,-7147.67
BG1024/16,Lulu,2025-10,79.6,139.3,131.96682926829268,99,215,179,0.83,13790.7,5910.3,28372.87,-1576.63
BG1024/16,Lulu,2025-11,79.6,139.3,139.69367256637167,286,237,228,0.96,39839.8,17074.2,33107.4,93.3
BG1024/16,Lulu,2025-12,79.6,139.3,142.0,0,186,42,0.23,0.0,0.0,26412.0,502.2
BG1024/16,Lulu,2026-01,79.6,139.3,126.09677419354838,540,174,408,2.34,75222.0,32238.0,21940.84,-2297.36
BG1024/16,Lulu,2026-02,79.6,139.3,117.76923076923077,132,166,374,2.25,18387.6,7880.4,19549.69,-3574.11
BG1024/16,Lulu,2026-03,79.6,139.3,117.03225806451613,0,171,203,1.19,0.0,0.0,20012.52,-3807.78
BG1024/16,Lulu,2026-04,79.6,139.3,119.0,36,213,26,0.12,5014.8,2149.2,25347.0,-4323.9
BG1024/16,Nahdi,2025-10,79.6,139.3,111.3477108433735,68,200,20,0.1,9472.4,4059.6,22269.54,-5590.46
BG1024/16,Nahdi,2025-11,79.6,139.3,110.29802631578947,258,164,114,0.7,35939.4,15402.6,18088.88,-4756.32
BG1024/16,Nahdi,2025-12,79.6,139.3,108.7493288590604,212,153,173,1.13,29531.6,12656.4,16638.65,-4674.25
BG1024/16,Nahdi,2026-01,79.6,139.3,99.94774193548388,0,144,29,0.2,0.0,0.0,14392.47,-5666.73
BG1024/16,Nahdi,2026-02,79.6,139.3,98.90846153846154,178,156,51,0.33,24795.4,10626.6,15429.72,-6301.08
BG1024/16,Nahdi,2026-03,79.6,139.3,79.62741935483872,246,126,171,1.36,34267.8,14686.2,10033.05,-7518.75
BG1024/16,Nahdi,2026-04,79.6,139.3,82.52533333333334,0,149,22,0.15,0.0,0.0,12296.27,-8459.43
BG1024/16,Noon,2025-10,79.6,139.3,125.24645161290321,576,329,542,1.65,80236.8,34387.2,41206.08,-4623.62
BG1024/16,Noon,2025-11,79.6,139.3,86.18181818181819,109,255,396,1.55,15183.7,6507.3,21976.36,-13545.14
BG1024/16,Noon,2025-12,79.6,139.3,91.18120805369128,346,275,467,1.7,48197.8,20656.2,25074.83,-13232.67
BG1024/16,Noon,2026-01,79.6,139.3,94.0,175,253,389,1.54,24377.5,10447.5,23782.0,-11460.9
BG1024/16,Noon,2026-02,79.6,139.3,118.16,86,253,222,0.88,11979.8,5134.2,29894.48,-5348.42
BG1024/16,Noon,2026-03,79.6,139.3,141.7608695652174,398,272,348,1.28,55441.4,23760.6,38558.96,669.36
BG1024/16,Noon,2026-04,79.6,139.3,135.86785714285716,217,330,235,0.71,30228.1,12954.9,44836.39,-1132.61
BG1024/16,Saco,2025-10,79.6,139.3,131.68910714285715,56,96,125,1.3,7800.8,3343.2,12642.15,-730.65
BG1024/16,Saco,2025-11,79.6,139.3,110.35526315789474,24,72,77,1.07,3343.2,1432.8,7945.58,-2084.02
BG1024/16,Saco,2025-12,79.6,139.3,122.56756756756756,109,91,95,1.04,15183.7,6507.3,11153.65,-1522.65
BG1024/16,Saco,2026-01,79.6,139.3,122.16129032258064,39,92,42,0.46,5432.7,2328.3,11238.84,-1576.76
BG1024/16,Saco,2026-02,79.6,139.3,124.0,67,81,28,0.35,9333.1,3999.9,10044.0,-1239.3
BG1024/16,Saco,2026-03,79.6,139.3,142.48387096774192,110,84,54,0.64,15323.0,6567.0,11968.65,267.45
BG1024/16,Saco,2026-04,79.6,139.3,145.0,78,88,44,0.5,10865.4,4656.6,12760.0,501.6
BG3017/01,Amazon,2025-10,101.09,176.91,210.91545454545457,110,225,6,0.03,19460.1,8340.2,47455.98,7651.23
BG3017/01,Dawa,2025-10,101.09,176.91,194.90482758620692,229,319,166,0.52,40512.39,17362.78,62174.64,5740.35
BG3017/01,Dawa,2025-11,101.09,176.91,152.2924090909091,217,259,124,0.48,38389.47,16452.94,39443.73,-6375.96
BG3017/01,Dawa,2025-12,101.09,176.91,167.47228571428573,194,195,123,0.63,34320.54,14709.08,32657.1,-1840.35
BG3017/01,Dawa,2026-01,101.09,176.91,161.85172413793103,305,179,249,1.39,53957.55,23125.1,28971.46,-2695.43
BG3017/01,Dawa,2026-02,101.09,176.91,165.901,206,237,218,0.92,36443.46,15618.92,39318.54,-2609.13
BG3017/01,Dawa,2026-03,101.09,176.91,168.03,192,210,200,0.95,33966.72,14557.44,35286.3,-1864.8
BG3017/01,Dawa,2026-04,101.09,176.91,173.63500000000002,266,212,254,1.2,47058.06,20168.12,36810.62,-694.3
BG3017/01,Extra,2025-10,101.09,176.91,165.25796296296298,194,446,34,0.08,34320.54,14709.08,73705.05,-5196.81
BG3017/01,Extra,2025-11,101.09,176.91,142.46666666666667,948,336,646,1.92,167710.68,71877.36,47868.8,-11572.96
BG3017/01,Extra,2025-12,101.09,176.91,137.39597315436242,0,368,278,0.76,0.0,0.0,50561.72,-14541.16
BG3017/01,Extra,2026-01,101.09,176.91,142.0,653,368,563,1.53,115522.23,49510.46,52256.0,-12846.88
BG3017/01,Extra,2026-02,101.09,176.91,116.61538461538461,231,360,434,1.21,40866.21,17514.42,41981.54,-21706.06
BG3017/01,Extra,2026-03,101.09,176.91,115.0,251,338,347,1.03,44404.41,19030.82,38870.0,-20925.58
BG3017/01,Extra,2026-04,101.09,176.91,115.0,345,354,338,0.95,61033.95,26157.9,40710.0,-21916.14
BG3017/01,Lulu,2025-10,101.09,176.91,213.89724137931032,678,644,246,0.38,119944.98,51405.96,137749.82,23819.78
BG3017/01,Lulu,2025-11,101.09,176.91,173.35802469135803,798,477,567,1.19,141174.18,60504.36,82691.78,-1694.29
BG3017/01,Lulu,2025-12,101.09,176.91,159.24161073825502,86,415,238,0.57,15214.26,6520.52,66085.27,-7332.38
BG3017/01,Lulu,2026-01,101.09,176.91,155.2258064516129,809,511,536,1.05,143120.19,61338.38,79320.39,-11080.62
BG3017/01,Lulu,2026-02,101.09,176.91,231.0,110,512,134,0.26,19460.1,8340.2,118272.0,27694.08
BG3017/01,Lulu,2026-03,101.09,176.91,231.0,811,485,460,0.95,143474.01,61490.02,112035.0,26233.65
BG3017/01,Lulu,2026-04,101.09,176.91,231.0,321,512,269,0.53,56788.11,24338.22,118272.0,27694.08
BG3017/01,Nahdi,2025-10,101.09,176.91,177.94465517241377,245,230,199,0.87,43342.95,18575.9,40927.27,237.97
BG3017/01,Nahdi,2025-11,101.09,176.91,122.85248484848485,42,153,88,0.58,7430.22,3184.44,18796.43,-8270.8
BG3017/01,Nahdi,2025-12,101.09,176.91,126.06718120805371,214,157,145,0.92,37858.74,16225.48,19792.55,-7982.32
BG3017/01,Nahdi,2026-01,101.09,176.91,113.07161290322581,206,154,197,1.28,36443.46,15618.92,17413.03,-9831.11
BG3017/01,Nahdi,2026-02,101.09,176.91,127.9219230769231,137,162,172,1.06,24236.67,10387.34,20723.35,-7936.07
BG3017/01,Nahdi,2026-03,101.09,176.91,104.46612903225807,161,145,188,1.3,28482.51,12207.02,15147.59,-10504.36
BG3017/01,Nahdi,2026-04,101.09,176.91,107.75600000000001,44,174,58,0.33,7784.04,3336.08,18749.54,-12032.8
BG3017/01,Noon,2025-10,101.09,176.91,203.06376470588233,0,233,46,0.2,0.0,0.0,47313.86,6093.83
BG3017/01,Noon,2025-11,101.09,176.91,137.2764705882353,172,207,11,0.05,30428.52,13041.04,28416.23,-8204.14
BG3017/01,Noon,2025-12,101.09,176.91,144.35872483221476,184,177,18,0.1,32551.44,13950.88,25551.49,-5761.58
BG3017/01,Noon,2026-01,101.09,176.91,167.53275862068966,339,193,164,0.85,59972.49,25702.98,32333.82,-1809.81
BG3017/01,Noon,2026-02,101.09,176.91,169.99,230,174,220,1.26,40689.3,17438.6,29578.26,-1204.08
BG3017/01,Noon,2026-03,101.09,176.91,190.0,0,170,50,0.29,0.0,0.0,32300.0,2225.3
BG3017/01,Saco,2025-10,101.09,176.91,214.05586206896552,368,329,276,0.84,65102.88,27901.76,70424.38,12220.99
BG3017/01,Saco,2025-11,101.09,176.91,136.19971698113207,162,291,147,0.51,28659.42,12282.84,39634.12,-11846.69
BG3017/01,Saco,2025-12,101.09,176.91,183.12925170068027,410,236,321,1.36,72533.1,31086.2,43218.5,1467.74
BG3017/01,Saco,2026-01,101.09,176.91,202.83870967741936,129,279,171,0.61,22821.39,9780.78,56592.0,7234.11
BG3017/01,Saco,2026-02,101.09,176.91,219.0,444,213,402,1.89,78548.04,33664.08,46647.0,8965.17
BG3017/01,Saco,2026-03,101.09,176.91,219.0,178,241,339,1.41,31489.98,13495.96,52779.0,10143.69
BG3017/01,Saco,2026-04,101.09,176.91,215.0,0,282,57,0.2,0.0,0.0,60630.0,10741.38
BG3027/03,Amazon,2025-10,119.38,208.91,254.36638297872338,167,284,21,0.07,34887.97,14951.51,72240.05,12909.61
BG3027/03,Amazon,2025-11,119.38,208.91,209.0,583,198,406,2.05,121794.53,52195.99,41382.0,17.82
BG3027/03,Amazon,2025-12,119.38,208.91,181.31578947368422,125,206,325,1.58,26113.75,11191.25,37351.05,-5684.41
BG3027/03,Amazon,2026-01,119.38,208.91,182.93714285714285,124,207,242,1.17,25904.84,11101.72,37867.99,-5376.38
BG3027/03,Amazon,2026-02,119.38,208.91,217.075,243,216,269,1.25,50765.13,21755.79,46888.2,1763.64
BG3027/03,Amazon,2026-03,119.38,208.91,221.04,133,180,222,1.23,27785.03,11907.49,39787.2,2183.4
BG3027/03,Noon,2025-10,119.38,208.91,237.40765957446808,419,286,269,0.94,87533.29,37513.07,67898.59,8150.33
BG3027/03,Noon,2025-11,119.38,208.91,168.33544303797467,216,229,256,1.12,45124.56,19338.48,38548.82,-9291.57
BG3027/03,Noon,2025-12,119.38,208.91,189.79297520661157,204,248,212,0.85,42617.64,18264.12,47068.66,-4741.02
BG3027/03,Noon,2026-01,119.38,208.91,229.15,267,228,251,1.1,55778.97,23904.51,52246.2,4614.72
BG3027/03,Noon,2026-02,119.38,208.91,229.0,144,206,189,0.92,30083.04,12892.32,47174.0,4138.54
BG3027/03,Noon,2026-03,119.38,208.91,210.40833333333333,121,236,74,0.31,25278.11,10833.13,49656.37,353.61
BG3027/03,Noon,2026-04,119.38,208.91,206.95,346,240,180,0.75,72282.86,30977.38,49668.0,-470.4
BG5021/15,Amazon,2025-10,145.86,255.25,320.1434042553191,329,509,40,0.08,83977.25,35989.31,162952.99,33030.74
BG5021/15,Amazon,2025-11,145.86,255.25,159.5,383,372,51,0.14,97760.75,41896.37,59334.0,-35619.0
BG5021/15,Amazon,2026-01,145.86,255.25,211.87,548,391,208,0.53,139877.0,59945.72,82841.17,-16961.58
BG5021/15,Dawa,2025-10,145.86,255.25,279.60340425531916,644,473,469,0.99,164381.0,70447.16,132252.41,11519.16
BG5021/15,Dawa,2025-11,145.86,255.25,216.1778048780488,236,320,385,1.2,60239.0,25816.04,69176.9,-12503.1
BG5021/15,Dawa,2025-12,145.86,255.25,255.42546762589927,0,311,74,0.24,0.0,0.0,79437.32,54.57
BG5021/15,Dawa,2026-01,145.86,255.25,245.348,592,292,374,1.28,151108.0,64758.88,71641.62,-2891.38
BG5021/15,Dawa,2026-02,145.86,255.25,251.66045454545457,186,287,273,0.95,47476.5,20346.54,72226.55,-1030.2
BG5021/15,Dawa,2026-03,145.86,255.25,256.16,169,377,65,0.17,43137.25,18486.91,96572.32,343.07
BG5021/15,Dawa,2026-04,145.86,255.25,264.7,717,366,416,1.14,183014.25,78432.63,96880.2,3458.7
BG5021/15,Extra,2025-10,145.86,255.25,207.62983050847458,1017,593,578,0.97,259589.25,111249.63,123124.49,-28238.76
BG5021/15,Extra,2025-11,145.86,255.25,186.24122807017545,202,561,219,0.39,51560.5,22096.78,104481.33,-38713.92
BG5021/15,Extra,2025-12,145.86,255.25,202.1275167785235,1255,447,1027,2.3,320338.75,137284.45,90351.0,-23745.75
BG5021/15,Extra,2026-01,145.86,255.25,205.6451612903226,0,422,605,1.43,0.0,0.0,86782.26,-20933.24
BG5021/15,Extra,2026-02,145.86,255.25,168.53846153846155,348,423,530,1.25,88827.0,38067.72,71291.77,-36678.98
BG5021/15,Extra,2026-03,145.86,255.25,166.0,131,371,290,0.78,33437.75,14330.09,61586.0,-33111.75
BG5021/15,Extra,2026-04,145.86,255.25,254.66666666666666,887,372,805,2.16,226406.75,97028.93,94736.0,-217.0
BG5021/15,Lulu,2025-10,145.86,255.25,308.96148936170215,313,545,62,0.11,79893.25,34239.07,168384.01,29272.76
BG5021/15,Lulu,2025-11,145.86,255.25,199.7361963190184,541,376,227,0.6,138090.25,59179.99,75100.81,-20873.19
BG5021/15,Lulu,2025-12,145.86,255.25,212.69127516778522,538,338,427,1.26,137324.5,58851.82,71889.65,-14384.85
BG5021/15,Lulu,2026-01,145.86,255.25,206.74193548387098,272,420,279,0.66,69428.0,29754.08,86831.61,-20373.39
BG5021/15,Lulu,2026-02,145.86,255.25,319.0,504,402,381,0.95,128646.0,55132.56,128238.0,25627.5
BG5021/15,Lulu,2026-03,145.86,255.25,319.0,686,327,740,2.26,175101.5,75041.54,104313.0,20846.25
BG5021/15,Lulu,2026-04,145.86,255.25,319.0,249,418,571,1.37,63557.25,27238.11,133342.0,26647.5
BG5021/15,Nahdi,2025-10,145.86,255.25,262.56063829787234,315,424,23,0.05,80403.75,34457.85,111325.71,3099.71
BG5021/15,Nahdi,2025-11,145.86,255.25,228.06339393939393,766,299,490,1.64,195521.5,83792.74,68190.95,-8128.8
BG5021/15,Nahdi,2025-12,145.86,255.25,236.41805369127516,0,225,265,1.18,0.0,0.0,53194.06,-4237.19
BG5021/15,Nahdi,2026-01,145.86,255.25,213.716875,262,279,248,0.89,66875.5,28660.18,59627.01,-11587.74
BG5021/15,Nahdi,2026-02,145.86,255.25,233.39115384615386,135,264,119,0.45,34458.75,14767.65,61615.26,-5770.74
BG5021/15,Nahdi,2026-03,145.86,255.25,189.95,215,276,58,0.21,54878.75,23518.85,52426.2,-18022.8
BG5021/15,Nahdi,2026-04,145.86,255.25,196.536,328,297,89,0.3,83722.0,35879.92,58371.19,-17438.06
BG5021/15,Noon,2025-10,145.86,255.25,298.43978723404257,892,531,586,1.1,227683.0,97575.88,158471.53,22933.78
BG5021/15,Noon,2025-11,145.86,255.25,191.14723926380367,201,388,399,1.03,51305.25,21987.39,74165.13,-24871.87
BG5021/15,Noon,2025-12,145.86,255.25,182.17013422818792,303,391,311,0.8,77340.75,33145.17,71228.52,-28574.23
BG5021/15,Noon,2026-01,145.86,255.25,209.67741935483872,632,388,555,1.43,161318.0,69134.48,81354.84,-17682.16
BG5021/15,Noon,2026-02,145.86,255.25,289.2769230769231,0,344,211,0.61,0.0,0.0,99511.26,11705.26
BG5021/15,Noon,2026-03,145.86,255.25,243.17961538461537,555,323,443,1.37,141663.75,60711.45,78547.02,-3898.73
BG5021/15,Noon,2026-04,145.86,255.25,282.9642857142857,406,341,508,1.49,103631.5,44412.34,96490.82,9450.57
BG5021/15,Saco,2025-10,145.86,255.25,295.4136170212766,301,362,86,0.24,76830.25,32926.39,106939.73,14539.23
BG5021/15,Saco,2025-11,145.86,255.25,158.76470588235293,253,202,137,0.68,64578.25,27675.67,32070.47,-19490.03
BG5021/15,Saco,2025-12,145.86,255.25,226.2214765100671,360,227,270,1.19,91890.0,39380.4,51352.28,-6589.47
BG5021/15,Saco,2026-01,145.86,255.25,275.741935483871,196,208,258,1.24,50029.0,21440.44,57354.32,4262.32
BG5021/15,Saco,2026-02,145.86,255.25,319.0,87,232,113,0.49,22206.75,9516.93,74008.0,14790.0
BG5021/15,Saco,2026-03,145.86,255.25,319.0,241,251,103,0.41,61515.25,26362.99,80069.0,16001.25
BG5021/15,Saco,2026-04,145.86,255.25,301.0,390,252,241,0.96,99547.5,42662.1,75852.0,11529.0
BG7025/13,Amazon,2025-10,211.05,369.33,459.15574468085106,682,533,379,0.71,251883.06,107946.96,244730.01,47877.12
BG7025/13,Amazon,2025-11,211.05,369.33,214.25466666666668,521,519,381,0.73,192420.93,82463.88,111198.17,-80484.1
BG7025/13,Amazon,2026-01,211.05,369.33,279.0,122,475,28,0.06,45058.26,19310.16,132525.0,-42906.75
BG7025/13,Amazon,2026-04,211.05,369.33,282.88,965,441,552,1.25,356403.45,152740.2,124750.08,-38124.45
BG7025/13,Extra,2025-10,211.05,369.33,335.75302325581396,34,119,100,0.84,12557.22,5381.52,39954.61,-3995.66
BG7025/13,Extra,2025-11,211.05,369.33,284.1280487804878,42,89,53,0.6,15511.86,6647.76,25287.4,-7582.97
BG7025/13,Extra,2025-12,211.05,369.33,290.48322147651004,83,87,49,0.56,30654.39,13137.24,25272.04,-6859.67
BG7025/13,Extra,2026-01,211.05,369.33,298.5806451612903,199,96,152,1.58,73496.67,31497.72,28663.74,-6791.94
BG7025/13,Extra,2026-02,211.05,369.33,244.5,6,83,75,0.9,2215.98,949.68,20293.5,-10360.89
BG7025/13,Extra,2026-03,211.05,369.33,241.0,80,85,70,0.82,29546.4,12662.4,20485.0,-10908.05
BG7025/13,Extra,2026-04,211.05,369.33,241.0,129,88,111,1.26,47643.57,20418.12,21208.0,-11293.04
BG7025/13,Lulu,2025-10,211.05,369.33,446.393829787234,658,446,447,1.0,243019.14,104148.24,199091.65,34370.47
BG7025/13,Lulu,2025-11,211.05,369.33,314.0368098159509,344,373,418,1.12,127049.52,54448.32,117135.73,-20624.36
BG7025/13,Lulu,2025-12,211.05,369.33,332.4121621621622,0,393,25,0.06,0.0,0.0,130637.98,-14508.71
BG7025/13,Lulu,2026-01,211.05,369.33,323.9032258064516,404,412,17,0.04,149209.32,63945.12,133448.13,-18715.83
BG7025/13,Lulu,2026-02,211.05,369.33,482.0,841,415,443,1.07,310606.53,133113.48,200030.0,46758.05
BG7025/13,Lulu,2026-03,211.05,369.33,482.0,414,422,435,1.03,152902.62,65527.92,203404.0,47546.74
BG7025/13,Lulu,2026-04,211.05,369.33,482.0,174,412,197,0.48,64263.42,27540.72,198584.0,46420.04
BG7025/13,Nahdi,2025-10,211.05,369.33,365.36787234042555,607,479,291,0.61,224183.31,96075.96,175011.21,-1897.86
BG7025/13,Nahdi,2025-11,211.05,369.33,329.09406060606057,261,334,218,0.65,96395.13,41311.08,109917.42,-13438.8
BG7025/13,Nahdi,2025-12,211.05,369.33,337.97221476510066,149,352,15,0.04,55030.17,23583.72,118966.22,-11037.94
BG7025/13,Nahdi,2026-01,211.05,369.33,308.9822580645161,976,360,631,1.75,360466.08,154481.28,111233.61,-21725.19
BG7025/13,Nahdi,2026-02,211.05,369.33,319.96999999999997,0,317,314,0.99,0.0,0.0,101430.49,-15647.12
BG7025/13,Nahdi,2026-03,211.05,369.33,279.94,67,366,15,0.04,24745.11,10604.76,102458.04,-32716.74
BG7025/13,Nahdi,2026-04,211.05,369.33,286.34600000000006,354,356,13,0.04,130742.82,56031.12,101939.18,-29542.3
BG7025/13,Noon,2025-10,211.05,369.33,446.6795744680851,1101,686,572,0.83,406632.33,174266.28,306422.19,53061.81
BG7025/13,Noon,2025-11,211.05,369.33,259.14814814814815,602,573,601,1.05,222336.66,95284.56,148491.89,-63134.2
BG7025/13,Noon,2025-12,211.05,369.33,261.0110738255034,0,510,91,0.18,0.0,0.0,133115.65,-55242.65
BG7025/13,Noon,2026-01,211.05,369.33,278.6774193548387,1011,475,627,1.32,373392.63,160021.08,132371.77,-43059.98
BG7025/13,Noon,2026-02,211.05,369.33,299.85909090909087,0,433,194,0.45,0.0,0.0,129838.99,-30080.9
BG7025/13,Noon,2026-03,211.05,369.33,374.5357142857143,1166,565,795,1.41,430638.78,184554.48,211612.68,2941.23
BG7025/13,Noon,2026-04,211.05,369.33,372.91249999999997,539,565,769,1.36,199068.87,85312.92,210695.56,2024.11
BG7025/13,Saco,2025-10,211.05,369.33,448.4087234042553,0,144,86,0.6,0.0,0.0,64570.86,11387.34
BG7025/13,Saco,2025-11,211.05,369.33,254.22368421052633,216,132,170,1.29,79775.28,34188.48,33557.53,-15194.03
BG7025/13,Saco,2025-12,211.05,369.33,347.04761904761904,100,108,162,1.5,36933.0,15828.0,37481.14,-2406.5
BG7025/13,Saco,2026-01,211.05,369.33,407.96774193548384,51,112,101,0.9,18835.83,8072.28,45692.39,4327.43
BG7025/13,Saco,2026-02,211.05,369.33,285.15384615384613,102,114,89,0.78,37671.66,16144.56,32507.54,-9596.08
BG7025/13,Saco,2026-03,211.05,369.33,455.7741935483871,69,117,41,0.35,25483.77,10921.32,53325.58,10113.97
BG7025/13,Saco,2026-04,211.05,369.33,461.6,306,143,204,1.43,113014.98,48433.68,66008.8,13194.61
BHA305/03,Amazon,2025-10,105.42,184.49,228.00021276595746,14,178,73,0.41,2582.86,1106.98,40584.04,7744.82
BHA305/03,Amazon,2025-11,105.42,184.49,161.5320895522388,78,119,32,0.27,14390.22,6167.46,19222.32,-2731.99
BHA305/03,Amazon,2025-12,105.42,184.49,191.10268456375837,213,132,113,0.86,39296.37,16841.91,25225.55,872.87
BHA305/03,Amazon,2026-01,105.42,184.49,192.2274193548387,197,139,171,1.23,36344.53,15576.79,26719.61,1075.5
BHA305/03,Amazon,2026-02,105.42,184.49,175.61599999999999,27,140,58,0.41,4981.23,2134.89,24586.24,-1242.36
BHA305/03,Amazon,2026-03,105.42,184.49,193.5,160,107,111,1.04,29518.4,12651.2,20704.5,964.07
BHA305/03,Amazon,2026-04,105.42,184.49,208.16666666666666,151,119,143,1.2,27857.99,11939.57,24771.83,2817.52
BHA305/03,Lulu,2025-10,105.42,184.49,222.1544680851064,378,301,349,1.16,69737.22,29888.46,66868.49,11337.0
BHA305/03,Lulu,2025-11,105.42,184.49,204.22085889570553,55,238,166,0.7,10146.95,4348.85,48604.56,4695.94
BHA305/03,Lulu,2025-12,105.42,184.49,223.16778523489933,373,226,313,1.38,68814.77,29493.11,50435.92,8741.18
BHA305/03,Lulu,2026-01,105.42,184.49,212.625,378,262,429,1.64,69737.22,29888.46,55707.75,7371.37
BHA305/03,Lulu,2026-02,105.42,184.49,198.23076923076923,78,242,265,1.1,14390.22,6167.46,47971.85,3325.27
BHA305/03,Lulu,2026-03,105.42,184.49,196.41935483870967,428,230,463,2.01,78961.72,33841.96,45176.45,2743.75
BHA305/03,Lulu,2026-04,105.42,184.49,209.0,136,233,366,1.57,25090.64,10753.52,48697.0,5710.83
BHA305/03,Noon,2025-10,105.42,184.49,220.16106382978722,129,354,10,0.03,23799.21,10200.03,77937.02,12627.56
BHA305/03,Noon,2026-01,105.42,184.49,220.0,572,252,330,1.31,105528.28,45228.04,55440.0,8948.52
BHA305/03,Noon,2026-02,105.42,184.49,238.26923076923077,409,267,472,1.77,75456.41,32339.63,63617.88,14359.05
BHA305/03,Noon,2026-03,105.42,184.49,239.0,305,233,544,2.33,56269.45,24116.35,55687.0,12700.83
BHA305/03,Saco,2025-10,105.42,184.49,221.16063829787234,359,466,48,0.1,66231.91,28386.13,103060.86,17088.52
BHA305/03,Saco,2025-11,105.42,184.49,186.58576158940397,805,357,496,1.39,148514.45,63651.35,66611.12,748.19
BHA305/03,Saco,2025-12,105.42,184.49,209.04026845637583,282,378,400,1.06,52026.18,22297.74,79017.22,9280.0
BHA305/03,Saco,2026-01,105.42,184.49,220.61290322580646,590,341,649,1.9,108849.1,46651.3,75229.0,12317.91
BHA305/03,Saco,2026-02,105.42,184.49,239.0,301,326,624,1.91,55531.49,23800.07,77914.0,17770.26
BHA305/03,Saco,2026-03,105.42,184.49,236.68709677419355,423,320,727,2.27,78039.27,33446.61,75739.87,16703.07
BHA305/03,Saco,2026-04,105.42,184.49,227.0,378,415,690,1.66,69737.22,29888.46,94205.0,17641.65
BHA310/03,Amazon,2025-10,126.87,222.02,273.88829787234044,716,363,513,1.41,158966.32,68127.4,99421.45,18828.19
BHA310/03,Amazon,2025-11,126.87,222.02,168.38685185185184,0,278,235,0.85,0.0,0.0,46811.54,-14910.02
BHA310/03,Amazon,2025-12,126.87,222.02,173.04255319148936,211,305,141,0.46,46846.22,20076.65,52777.98,-14938.12
BHA310/03,Amazon,2026-01,126.87,222.02,177.3,139,237,43,0.18,30860.78,13225.85,42020.1,-10598.64
BHA310/03,Amazon,2026-02,126.87,222.02,164.428,662,302,403,1.33,146977.24,62989.3,49657.26,-17392.78
BHA310/03,Amazon,2026-03,126.87,222.02,162.6625,56,275,184,0.67,12433.12,5328.4,44732.19,-16323.31
BHA310/03,Dawa,2025-10,126.87,222.02,243.98531914893616,207,313,28,0.09,45958.14,19696.05,76367.4,6875.14
BHA310/03,Dawa,2025-11,126.87,222.02,213.4145945945946,607,247,388,1.57,134766.14,57756.05,52713.4,-2125.54
BHA310/03,Dawa,2025-12,126.87,222.02,236.31482269503545,0,275,113,0.41,0.0,0.0,64986.58,3931.08
BHA310/03,Dawa,2026-01,126.87,222.02,223.96066666666667,465,252,326,1.29,103239.3,44244.75,56438.09,489.05
BHA310/03,Dawa,2026-02,126.87,222.02,224.79090909090908,298,291,333,1.14,66161.96,28354.7,65414.15,806.33
BHA310/03,Dawa,2026-03,126.87,222.02,236.04142857142855,235,244,324,1.33,52174.7,22360.25,57594.11,3421.23
BHA310/03,Dawa,2026-04,126.87,222.02,253.75500000000002,490,273,541,1.98,108789.8,46623.5,69275.12,8663.66
BHA310/03,Extra,2025-10,126.87,222.02,195.09116279069767,3,149,124,0.83,666.06,285.45,29068.58,-4012.4
BHA310/03,Extra,2025-11,126.87,222.02,176.27433628318585,127,124,127,1.02,28196.54,12084.05,21858.02,-5672.46
BHA310/03,Extra,2025-12,126.87,222.02,195.91275167785236,170,115,182,1.58,37743.4,16175.5,22529.97,-3002.33
BHA310/03,Extra,2026-01,126.87,222.02,213.2258064516129,23,98,107,1.09,5106.46,2188.45,20896.13,-861.83
BHA310/03,Extra,2026-02,126.87,222.02,216.15384615384616,147,97,157,1.62,32636.94,13987.05,20966.92,-569.02
BHA310/03,Extra,2026-03,126.87,222.02,240.7741935483871,60,101,116,1.15,13321.2,5709.0,24318.19,1894.17
BHA310/03,Extra,2026-04,126.87,222.02,240.06666666666666,187,96,207,2.16,41517.74,17793.05,23046.4,1732.48
BHA310/03,Lulu,2025-10,126.87,222.02,265.6682978723404,0,141,124,0.88,0.0,0.0,37459.23,6154.41
BHA310/03,Lulu,2025-11,126.87,222.02,289.0,113,124,113,0.91,25088.26,10751.95,35836.0,8305.52
BHA310/03,Lulu,2025-12,126.87,222.02,269.51006711409394,153,119,147,1.24,33969.06,14557.95,32071.7,5651.32
BHA310/03,Lulu,2026-01,126.87,222.02,254.0,159,126,180,1.43,35301.18,15128.85,32004.0,4029.48
BHA310/03,Lulu,2026-02,126.87,222.02,254.65384615384616,66,132,114,0.86,14653.32,6279.9,33614.31,4307.67
BHA310/03,Lulu,2026-03,126.87,222.02,237.0,181,121,174,1.44,40185.62,17222.15,28677.0,1812.58
BHA310/03,Lulu,2026-04,126.87,222.02,239.0,12,126,60,0.48,2664.24,1141.8,30114.0,2139.48
BHA310/03,Nahdi,2025-10,126.87,222.02,225.58255319148938,665,491,337,0.69,147643.3,63274.75,110761.03,1749.21
BHA310/03,Nahdi,2025-11,126.87,222.02,201.85,109,320,126,0.39,24200.18,10371.35,64592.0,-6454.4
BHA310/03,Nahdi,2025-12,126.87,222.02,215.12181208053693,570,306,390,1.27,126551.4,54235.5,65827.27,-2110.85
BHA310/03,Nahdi,2026-01,126.87,222.02,199.0,438,303,525,1.73,97244.76,41675.7,60297.0,-6975.06
BHA310/03,Nahdi,2026-02,126.87,222.02,199.0,205,307,423,1.38,45514.1,19505.75,61093.0,-7067.14
BHA310/03,Nahdi,2026-03,126.87,222.02,199.0,40,310,153,0.49,8880.8,3806.0,61690.0,-7136.2
BHA310/03,Nahdi,2026-04,126.87,222.02,199.0,526,303,376,1.24,116782.52,50048.9,60297.0,-6975.06
BHA310/03,Noon,2025-10,126.87,222.02,260.8174468085106,596,640,221,0.35,132323.92,56709.4,166923.17,24830.37
BHA310/03,Noon,2025-11,126.87,222.02,170.03048780487805,436,451,206,0.46,96800.72,41485.4,76683.75,-23447.27
BHA310/03,Noon,2025-12,126.87,222.02,154.8724832214765,605,362,449,1.24,134322.1,57565.75,56063.84,-24307.4
BHA310/03,Noon,2026-01,126.87,222.02,182.208064516129,768,389,828,2.13,170511.36,73075.2,70878.94,-15486.84
BHA310/03,Noon,2026-02,126.87,222.02,168.2,102,358,572,1.6,22646.04,9705.3,60215.6,-19267.56
BHA310/03,Noon,2026-03,126.87,222.02,208.92214285714286,0,418,154,0.37,0.0,0.0,87329.46,-5474.9
BHA310/03,Noon,2026-04,126.87,222.02,218.98666666666668,480,415,219,0.53,106569.6,45672.0,90879.47,-1258.83
BHA310/03,Saco,2025-10,126.87,222.02,262.54510638297876,200,308,119,0.39,44404.0,19030.0,80863.89,12481.73
BHA310/03,Saco,2025-11,126.87,222.02,212.64,381,192,308,1.6,84589.62,36252.15,40826.88,-1800.96
BHA310/03,Saco,2025-12,126.87,222.02,249.85906040268458,136,223,221,0.99,30194.72,12940.4,55718.57,6208.11
BHA310/03,Saco,2026-01,126.87,222.02,263.4516129032258,245,233,233,1.0,54394.9,23311.75,61384.23,9653.57
BHA310/03,Saco,2026-02,126.87,222.02,248.6153846153846,358,179,412,2.3,79483.16,34063.7,44502.15,4760.57
BHA310/03,Saco,2026-03,126.87,222.02,281.3645161290322,0,222,190,0.86,0.0,0.0,62462.92,13174.48
BHA310/03,Saco,2026-04,126.87,222.02,260.2,120,209,101,0.48,26642.4,11418.0,54381.8,7979.62
BHA530/03,Amazon,2025-10,178.0,311.5,342.7908510638298,837,562,493,0.88,260725.5,111739.5,192648.46,17585.46
BHA530/03,Amazon,2025-11,178.0,311.5,182.49131313131312,434,432,495,1.15,135191.0,57939.0,78836.25,-55731.75
BHA530/03,Amazon,2025-12,178.0,311.5,220.62381818181817,198,480,213,0.44,61677.0,26433.0,105899.43,-43620.57
BHA530/03,Amazon,2026-01,178.0,311.5,216.73032258064515,556,461,308,0.67,173194.0,74226.0,99912.68,-43688.82
BHA530/03,Amazon,2026-02,178.0,311.5,179.0,724,483,549,1.14,225526.0,96654.0,86457.0,-63997.5
BHA530/03,Amazon,2026-03,178.0,311.5,225.635,361,496,414,0.83,112451.5,48193.5,111914.96,-42589.04
BHA530/03,Amazon,2026-04,178.0,311.5,233.43,276,458,232,0.51,85974.0,36846.0,106910.94,-35756.06
BHA530/03,Dawa,2025-10,178.0,311.5,307.6197872340425,239,334,24,0.07,74448.5,31906.5,102745.01,-1295.99
BHA530/03,Dawa,2025-11,178.0,311.5,266.1065765765766,368,236,156,0.66,114632.0,49128.0,62801.15,-10712.85
BHA530/03,Dawa,2025-12,178.0,311.5,294.484,376,238,294,1.24,117124.0,50196.0,70087.19,-4049.81
BHA530/03,Dawa,2026-01,178.0,311.5,279.51166666666666,0,232,62,0.27,0.0,0.0,64846.71,-7421.29
BHA530/03,Dawa,2026-02,178.0,311.5,281.62157894736845,180,200,42,0.21,56070.0,24030.0,56324.32,-5975.68
BHA530/03,Dawa,2026-03,178.0,311.5,291.2295238095238,360,244,158,0.65,112140.0,48060.0,71060.0,-4946.0
BHA530/03,Dawa,2026-04,178.0,311.5,303.455,79,232,5,0.02,24608.5,10546.5,70401.56,-1866.44
BHA530/03,Extra,2025-10,178.0,311.5,239.95813953488374,14,108,33,0.31,4361.0,1869.0,25915.48,-7726.52
BHA530/03,Extra,2025-11,178.0,311.5,191.01769911504425,90,97,26,0.27,28035.0,12015.0,18528.72,-11686.78
BHA530/03,Extra,2025-12,178.0,311.5,228.16778523489933,219,81,164,2.02,68218.5,29236.5,18481.59,-6749.91
BHA530/03,Extra,2026-01,178.0,311.5,265.3225806451613,0,87,77,0.89,0.0,0.0,23083.06,-4017.44
BHA530/03,Extra,2026-02,178.0,311.5,294.38461538461536,37,92,22,0.24,11525.5,4939.5,27083.38,-1574.62
BHA530/03,Extra,2026-03,178.0,311.5,293.258064516129,205,94,133,1.41,63857.5,27367.5,27566.26,-1714.74
BHA530/03,Extra,2026-04,178.0,311.5,299.0,38,85,86,1.01,11837.0,5073.0,25415.0,-1062.5
BHA530/03,Lulu,2025-10,178.0,311.5,332.63255319148936,635,661,265,0.4,197802.5,84772.5,219870.12,13968.62
BHA530/03,Nahdi,2025-10,178.0,311.5,265.74489361702126,266,370,147,0.4,82859.0,35511.0,98325.61,-16929.39
BHA530/03,Nahdi,2025-11,178.0,311.5,240.57522123893804,262,233,176,0.76,81613.0,34977.0,56054.03,-16525.47
BHA530/03,Nahdi,2025-12,178.0,311.5,243.54946308724834,265,232,209,0.9,82547.5,35377.5,56503.48,-15764.52
BHA530/03,Nahdi,2026-01,178.0,311.5,230.063125,333,278,264,0.95,103729.5,44455.5,63957.55,-22639.45
BHA530/03,Nahdi,2026-02,178.0,311.5,233.43000000000004,188,256,196,0.77,58562.0,25098.0,59758.08,-19985.92
BHA530/03,Nahdi,2026-03,178.0,311.5,233.43,417,245,368,1.5,129895.5,55669.5,57190.35,-19127.15
BHA530/03,Nahdi,2026-04,178.0,311.5,233.43,241,275,334,1.21,75071.5,32173.5,64193.25,-21469.25
BHA530/03,Noon,2025-10,178.0,311.5,327.17765957446807,273,488,27,0.06,85039.5,36445.5,159662.7,7650.7
BHA530/03,Noon,2025-11,178.0,311.5,235.42857142857142,1175,406,796,1.96,366012.5,156862.5,95584.0,-30885.0
BHA530/03,Noon,2025-12,178.0,311.5,236.6778523489933,223,396,623,1.57,69464.5,29770.5,93724.43,-29629.57
BHA530/03,Noon,2026-01,178.0,311.5,231.02580645161288,0,411,212,0.52,0.0,0.0,94951.61,-33074.89
BHA530/03,Noon,2026-02,178.0,311.5,290.9044,687,389,510,1.31,214000.5,91714.5,113161.81,-8011.69
BHA530/03,Noon,2026-03,178.0,311.5,398.7232142857143,264,425,349,0.82,82236.0,35244.0,169457.37,37069.87
BHA530/03,Noon,2026-04,178.0,311.5,365.0366666666667,346,363,332,0.91,107779.0,46191.0,132508.31,19433.81
BHA530/03,Saco,2025-10,178.0,311.5,336.89702127659575,144,232,29,0.12,44856.0,19224.0,78160.11,5892.11
BHA530/03,Saco,2025-11,178.0,311.5,252.3,344,167,206,1.23,107156.0,45924.0,42134.1,-9886.4
BHA530/03,Saco,2025-12,178.0,311.5,304.9189189189189,268,190,284,1.49,83482.0,35778.0,57934.59,-1250.41
BHA530/03,Saco,2026-01,178.0,311.5,299.0,45,172,157,0.91,14017.5,6007.5,51428.0,-2150.0
BHA530/03,Saco,2026-02,178.0,311.5,310.53846153846155,194,195,156,0.8,60431.0,25899.0,60555.0,-187.5
BHA530/03,Saco,2026-03,178.0,311.5,349.71935483870965,162,176,142,0.81,50463.0,21627.0,61550.61,6726.61
BHA530/03,Saco,2026-04,178.0,311.5,335.0,341,157,326,2.08,106221.5,45523.5,52595.0,3689.5
BHA710/13,Amazon,2025-10,171.42,299.99,372.3055319148936,357,618,25,0.04,107096.43,45899.49,230084.82,44691.0
BHA710/13,Amazon,2025-11,171.42,299.99,220.65814159292034,522,378,169,0.45,156594.78,67113.54,83408.78,-29987.44
BHA710/13,Amazon,2025-12,171.42,299.99,232.06529999999998,469,378,260,0.69,140695.31,60299.33,87720.68,-25675.54
BHA710/13,Amazon,2026-01,171.42,299.99,237.59678571428572,485,341,404,1.18,145495.15,62356.45,81020.5,-21276.09
BHA710/13,Amazon,2026-02,171.42,299.99,254.46407407407406,835,402,837,2.08,250491.65,107355.95,102294.56,-18301.42
BHA710/13,Amazon,2026-03,171.42,299.99,258.036,0,400,437,1.09,0.0,0.0,103214.4,-16781.6
BHA710/13,Amazon,2026-04,171.42,299.99,271.19624999999996,592,379,650,1.72,177594.08,76113.44,102783.38,-10912.83
BHA710/13,Extra,2025-10,171.42,299.99,269.9916279069767,0,107,179,1.67,0.0,0.0,28889.1,-3209.83
BHA710/13,Extra,2025-11,171.42,299.99,251.0438596491228,0,60,119,1.98,0.0,0.0,15062.63,-2936.77
BHA710/13,Extra,2025-12,171.42,299.99,274.99328859060404,70,64,125,1.95,20999.3,8999.9,17599.57,-1599.79
BHA710/13,Extra,2026-01,171.42,299.99,297.64516129032256,0,64,61,0.95,0.0,0.0,19049.29,-150.07
BHA710/13,Extra,2026-02,171.42,299.99,323.3703703703704,89,60,90,1.5,26699.11,11442.73,19402.22,1402.82
BHA710/13,Extra,2026-03,171.42,299.99,329.8709677419355,95,68,117,1.72,28499.05,12214.15,22431.23,2031.91
BHA710/13,Extra,2026-04,171.42,299.99,329.3333333333333,32,72,77,1.07,9599.68,4114.24,23712.0,2112.72
BHA710/13,Lulu,2025-10,171.42,299.99,362.2176595744681,290,451,19,0.04,86997.1,37285.3,163360.16,28064.67
BHA710/13,Lulu,2025-11,171.42,299.99,342.42857142857144,392,283,128,0.45,117596.08,50399.44,96907.29,12010.12
BHA710/13,Lulu,2025-12,171.42,299.99,373.1677852348993,445,304,269,0.88,133495.55,57213.65,113443.01,22246.05
BHA710/13,Lulu,2026-01,171.42,299.99,356.3225806451613,715,269,715,2.66,214492.85,91927.55,95850.77,15153.46
BHA710/13,Lulu,2026-02,171.42,299.99,342.0,275,351,639,1.82,82497.25,35356.75,120042.0,14745.51
BHA710/13,Lulu,2026-03,171.42,299.99,331.9032258064516,73,276,436,1.58,21899.27,9385.61,91605.29,8808.05
BHA710/13,Lulu,2026-04,171.42,299.99,339.0,452,325,563,1.73,135595.48,58113.64,110175.0,12678.25
BHA710/13,Nahdi,2025-10,171.42,299.99,298.8757446808511,466,555,129,0.23,139795.34,59913.62,165876.04,-618.41
BHA710/13,Nahdi,2025-11,171.42,299.99,274.64,813,345,597,1.73,243891.87,104527.41,94750.8,-8745.75
BHA710/13,Nahdi,2025-12,171.42,299.99,305.0185234899329,301,384,514,1.34,90296.99,38699.57,117127.11,1930.95
BHA710/13,Nahdi,2026-01,171.42,299.99,299.0,361,314,561,1.79,108296.39,46413.77,93886.0,-310.86
BHA710/13,Nahdi,2026-02,171.42,299.99,299.0,0,367,194,0.53,0.0,0.0,109733.0,-363.33
BHA710/13,Nahdi,2026-03,171.42,299.99,299.0,408,344,258,0.75,122395.92,52456.56,102856.0,-340.56
BHA710/13,Nahdi,2026-04,171.42,299.99,299.0,650,363,545,1.5,194993.5,83570.5,108537.0,-359.37
BHA710/13,Noon,2025-10,171.42,299.99,343.8823404255319,523,530,200,0.38,156894.77,67242.11,182257.64,23262.94
BHA710/13,Noon,2025-11,171.42,299.99,241.86875,297,384,113,0.29,89097.03,38185.29,92877.6,-22318.56
BHA710/13,Noon,2025-12,171.42,299.99,229.69127516778522,849,382,580,1.52,254691.51,109155.93,87742.07,-26854.11
BHA710/13,Noon,2026-01,171.42,299.99,253.91774193548386,27,453,154,0.34,8099.73,3471.39,115024.74,-20870.73
BHA710/13,Noon,2026-02,171.42,299.99,263.7096153846154,595,473,276,0.58,178494.05,76499.15,124734.65,-17160.62
BHA710/13,Noon,2026-03,171.42,299.99,258.96730769230766,258,461,73,0.16,77397.42,33171.06,119383.93,-18911.46
BHA710/13,Noon,2026-04,171.42,299.99,272.22999999999996,504,368,209,0.57,151194.96,64799.28,100180.64,-10215.68
BHA710/13,Saco,2025-10,171.42,299.99,371.89106382978724,174,174,171,0.98,52198.26,22371.18,64709.05,12510.79
BHA710/13,Saco,2025-11,171.42,299.99,289.6869306930693,75,106,140,1.32,22499.25,9642.75,30706.81,-1092.13
BHA710/13,Saco,2025-12,171.42,299.99,351.28859060402687,0,107,33,0.31,0.0,0.0,37587.88,5488.95
BHA710/13,Saco,2026-01,171.42,299.99,358.1290322580645,194,97,130,1.34,58198.06,24942.58,34738.52,5639.49
BHA710/13,Saco,2026-02,171.42,299.99,354.77777777777777,137,118,149,1.26,41098.63,17614.09,41863.78,6464.96
BHA710/13,Saco,2026-03,171.42,299.99,380.9774193548387,196,100,245,2.45,58798.04,25199.72,38097.74,8098.74
BHA710/13,Saco,2026-04,171.42,299.99,343.0,0,113,132,1.17,0.0,0.0,38759.0,4860.13
BHB862/03,Amazon,2025-10,65.42,114.48,140.29808510638298,417,680,28,0.04,47738.16,20458.02,95402.7,17556.3
BHB862/03,Amazon,2025-11,65.42,114.48,93.13315789473684,628,421,235,0.56,71893.44,30809.68,39209.06,-8987.02
BHB862/03,Amazon,2025-12,65.42,114.48,104.35080536912751,426,486,175,0.36,48768.48,20899.56,50714.49,-4922.79
BHB862/03,Amazon,2026-01,65.42,114.48,122.81633333333333,399,442,132,0.3,45677.52,19574.94,54284.82,3684.66
BHB862/03,Amazon,2026-02,65.42,114.48,104.76923076923077,902,458,576,1.26,103260.96,44252.12,47984.31,-4447.53
BHB862/03,Amazon,2026-03,65.42,114.48,113.19290322580645,378,477,477,1.0,43273.44,18544.68,53993.01,-613.95
BHB862/03,Amazon,2026-04,65.42,114.48,118.532,256,460,273,0.59,29306.88,12559.36,54524.72,1863.92
BHB862/03,Dawa,2025-10,65.42,114.48,124.43978723404256,342,233,245,1.05,39152.16,16778.52,28994.47,2320.63
BHB862/03,Dawa,2025-11,65.42,114.48,131.58785714285713,11,173,83,0.48,1259.28,539.66,22764.7,2959.66
BHB862/03,Dawa,2025-12,65.42,114.48,127.1036879432624,280,178,185,1.04,32054.4,13736.8,22624.46,2247.02
BHB862/03,Dawa,2026-01,65.42,114.48,109.02620689655173,227,186,226,1.22,25986.96,11136.62,20278.87,-1014.41
BHB862/03,Dawa,2026-02,65.42,114.48,111.1590909090909,173,177,222,1.25,19805.04,8487.38,19675.16,-587.8
BHB862/03,Dawa,2026-03,65.42,114.48,112.94142857142857,41,178,85,0.48,4693.68,2011.46,20103.57,-273.87
BHB862/03,Dawa,2026-04,65.42,114.48,120.10499999999999,100,177,8,0.05,11448.0,4906.0,21258.58,995.62
BHB862/03,Lulu,2025-10,65.42,114.48,138.50531914893617,252,478,2,0.0,28848.96,12363.12,66205.54,11484.1
BHB862/03,Lulu,2025-11,65.42,114.48,118.27678571428571,909,368,543,1.48,104062.32,44595.54,43525.86,1397.22
BHB862/03,Lulu,2025-12,65.42,114.48,132.16778523489933,470,433,580,1.34,53805.6,23058.2,57228.65,7658.81
BHB862/03,Lulu,2026-01,65.42,114.48,124.4375,0,399,181,0.45,0.0,0.0,49650.56,3973.04
BHB862/03,Lulu,2026-02,65.42,114.48,116.88888888888889,387,357,211,0.59,44303.76,18986.22,41729.33,859.97
BHB862/03,Lulu,2026-03,65.42,114.48,117.48387096774194,314,387,138,0.36,35946.72,15404.84,45466.26,1162.5
BHB862/03,Lulu,2026-04,65.42,114.48,119.0,647,367,418,1.14,74068.56,31741.82,43673.0,1658.84
BHB862/03,Nahdi,2025-10,65.42,114.48,117.93,0,150,16,0.11,0.0,0.0,17689.5,517.5
BHB862/03,Nahdi,2025-11,65.42,114.48,101.29,228,88,156,1.77,26101.44,11185.68,8913.52,-1160.72
BHB862/03,Nahdi,2025-12,65.42,114.48,107.57791946308726,89,95,150,1.58,10188.72,4366.34,10219.9,-655.7
BHB862/03,Nahdi,2026-01,65.42,114.48,99.0,138,99,189,1.91,15798.24,6770.28,9801.0,-1532.52
BHB862/03,Nahdi,2026-02,65.42,114.48,98.6973076923077,42,103,128,1.24,4808.16,2060.52,10165.82,-1625.62
BHB862/03,Nahdi,2026-03,65.42,114.48,98.96903225806452,0,114,14,0.12,0.0,0.0,11282.47,-1768.25
BHB862/03,Nahdi,2026-04,65.42,114.48,98.99199999999999,193,91,116,1.27,22094.64,9468.58,9008.27,-1409.41
BHB862/03,Noon,2025-10,65.42,114.48,135.46148936170215,480,441,300,0.68,54950.4,23548.8,59738.52,9252.84
BHB862/03,Noon,2025-11,65.42,114.48,109.90990990990991,381,273,408,1.49,43616.88,18691.86,30005.41,-1247.63
BHB862/03,Noon,2025-12,65.42,114.48,115.0,55,347,116,0.33,6296.4,2698.3,39905.0,180.44
BHB862/03,Noon,2026-01,65.42,114.48,122.46111111111112,477,273,320,1.17,54606.96,23401.62,33431.88,2178.84
BHB862/03,Noon,2026-02,65.42,114.48,116.852,538,269,589,2.19,61590.24,26394.28,31433.19,638.07
BHB862/03,Noon,2026-03,65.42,114.48,112.97500000000001,247,334,502,1.5,28276.56,12117.82,37733.65,-502.67
BHB862/03,Noon,2026-04,65.42,114.48,123.3,0,362,140,0.39,0.0,0.0,44634.6,3192.84
BHB862/03,Saco,2025-10,65.42,114.48,135.86978723404255,25,230,10,0.04,2862.0,1226.5,31250.05,4919.65
BHB862/03,Saco,2025-11,65.42,114.48,105.5540404040404,234,164,80,0.49,26788.32,11480.04,17310.86,-1463.86
BHB862/03,Saco,2025-12,65.42,114.48,121.64864864864865,160,180,60,0.33,18316.8,7849.6,21896.76,1290.36
BHB862/03,Saco,2026-01,65.42,114.48,129.06451612903226,126,136,50,0.37,14424.48,6181.56,17552.77,1983.49
BHB862/03,Saco,2026-02,65.42,114.48,149.0,326,183,193,1.05,37320.48,15993.56,27267.0,6317.16
BHB862/03,Saco,2026-03,65.42,114.48,149.0,187,160,220,1.38,21407.76,9174.22,23840.0,5523.2
BHB862/03,Saco,2026-04,65.42,114.48,142.2,237,171,286,1.67,27131.76,11627.22,24316.2,4740.12
BHB864/03,Amazon,2025-10,88.01,154.01,190.68872340425534,74,167,110,0.66,11396.74,4884.0,31845.02,6125.35
BHB864/03,Amazon,2025-11,88.01,154.01,95.02654867256638,85,114,81,0.71,13090.85,5610.0,10833.03,-6724.11
BHB864/03,Amazon,2025-12,88.01,154.01,103.03947368421052,44,109,16,0.15,6776.44,2904.0,11231.3,-5555.79
BHB864/03,Amazon,2026-01,88.01,154.01,119.51851851851852,214,107,123,1.15,32958.14,14124.0,12788.48,-3690.59
BHB864/03,Amazon,2026-02,88.01,154.01,102.21428571428571,118,118,123,1.04,18173.18,7788.0,12061.29,-6111.89
BHB864/03,Amazon,2026-03,88.01,154.01,124.80380952380953,26,98,51,0.52,4004.26,1716.0,12230.77,-2862.21
BHB864/03,Amazon,2026-04,88.01,154.01,148.77142857142857,85,123,13,0.11,13090.85,5610.0,18298.89,-644.34
BHB864/03,Dawa,2025-10,88.01,154.01,172.32489361702127,32,83,50,0.6,4928.32,2112.0,14302.97,1520.14
BHB864/03,Extra,2025-10,88.01,154.01,121.43116279069767,161,143,147,1.03,24795.61,10626.0,17364.66,-4658.77
BHB864/03,Extra,2025-11,88.01,154.01,98.98245614035088,200,120,227,1.89,30802.0,13200.0,11877.89,-6603.31
BHB864/03,Extra,2025-12,88.01,154.01,125.3489932885906,71,113,185,1.64,10934.71,4686.0,14164.44,-3238.69
BHB864/03,Extra,2026-01,88.01,154.01,144.27272727272728,0,119,66,0.55,0.0,0.0,17168.45,-1158.74
BHB864/03,Extra,2026-02,88.01,154.01,133.53846153846155,175,121,120,0.99,26951.75,11550.0,16158.15,-2477.06
BHB864/03,Extra,2026-03,88.01,154.01,153.58064516129033,154,98,176,1.8,23717.54,10164.0,15050.9,-42.08
BHB864/03,Extra,2026-04,88.01,154.01,155.66666666666666,0,112,64,0.57,0.0,0.0,17434.67,185.55
BHB864/03,Lulu,2025-10,88.01,154.01,187.94510638297874,226,270,144,0.53,34806.26,14916.0,50745.18,9162.48
BHB864/03,Lulu,2025-11,88.01,154.01,201.0,122,159,107,0.67,18789.22,8052.0,31959.0,7471.41
BHB864/03,Lulu,2025-12,88.01,154.01,192.14093959731542,167,173,101,0.58,25719.67,11022.0,33240.38,6596.65
BHB864/03,Lulu,2026-01,88.01,154.01,173.0,236,162,175,1.08,36346.36,15576.0,28026.0,3076.38
BHB864/03,Lulu,2026-02,88.01,154.01,146.23076923076923,284,166,293,1.77,43738.84,18744.0,24274.31,-1291.35
BHB864/03,Lulu,2026-03,88.01,154.01,150.7741935483871,15,171,137,0.8,2310.15,990.0,25782.39,-553.32
BHB864/03,Lulu,2026-04,88.01,154.01,159.0,290,171,256,1.5,44662.9,19140.0,27189.0,853.29
BHB864/03,Nahdi,2025-10,88.01,154.01,155.82574468085105,326,434,81,0.19,50207.26,21516.0,67628.37,788.03
BHB864/03,Nahdi,2025-11,88.01,154.01,174.79,629,355,355,1.0,96872.29,41514.0,62050.45,7376.9
BHB864/03,Nahdi,2025-12,88.01,154.01,169.3413422818792,329,295,389,1.32,50669.29,21714.0,49955.7,4522.75
BHB864/03,Nahdi,2026-01,88.01,154.01,162.3,80,300,169,0.56,12320.8,5280.0,48690.0,2487.0
BHB864/03,Nahdi,2026-02,88.01,154.01,162.3,810,286,693,2.42,124748.1,53460.0,46417.8,2370.94
BHB864/03,Nahdi,2026-03,88.01,154.01,162.3,0,298,395,1.33,0.0,0.0,48365.4,2470.42
BHB864/03,Nahdi,2026-04,88.01,154.01,162.3,0,334,61,0.18,0.0,0.0,54208.2,2768.86
BHB864/03,Noon,2025-10,88.01,154.01,183.20851063829787,809,572,394,0.69,124594.09,53394.0,104795.27,16701.55
BHB864/03,Noon,2025-11,88.01,154.01,99.1,59,425,28,0.07,9086.59,3894.0,42117.5,-23336.75
BHB864/03,Noon,2025-12,88.01,154.01,109.98288590604027,576,345,259,0.75,88709.76,38016.0,37944.1,-15189.35
BHB864/03,Noon,2026-01,88.01,154.01,119.6032258064516,845,432,672,1.56,130138.45,55770.0,51668.59,-14863.73
BHB864/03,Noon,2026-02,88.01,154.01,118.125,234,420,486,1.16,36038.34,15444.0,49612.5,-15071.7
BHB864/03,Noon,2026-03,88.01,154.01,126.49571428571429,0,380,106,0.28,0.0,0.0,48068.37,-10455.43
BHB864/03,Noon,2026-04,88.01,154.01,147.50666666666666,422,442,86,0.19,64992.22,27852.0,65197.95,-2874.47
BHB876/03,Amazon,2025-10,282.09,493.65,624.7363829787234,171,425,8,0.02,84414.15,36176.76,265512.96,55711.71
BHB876/03,Amazon,2025-11,282.09,493.65,310.35087719298247,767,238,537,2.26,378629.55,162266.52,73863.51,-43625.19
BHB876/03,Amazon,2025-12,282.09,493.65,317.275,0,252,285,1.13,0.0,0.0,79953.3,-44446.5
BHB876/03,Amazon,2026-01,282.09,493.65,206.57538461538462,280,295,270,0.92,138222.0,59236.8,60939.74,-84687.01
BHB876/03,Amazon,2026-02,282.09,493.65,327.0,506,278,498,1.79,249786.9,107049.36,90906.0,-46328.7
BHB876/03,Amazon,2026-03,282.09,493.65,374.6854166666667,197,226,469,2.08,97249.05,41677.32,84678.9,-26886.0
BHB876/03,Amazon,2026-04,282.09,493.65,423.5057142857143,96,283,282,1.0,47390.4,20309.76,119852.12,-19850.83
BHB876/03,Dawa,2025-10,282.09,493.65,552.8708510638298,353,453,67,0.15,174258.45,74680.68,250450.5,26827.05
BHB876/03,Dawa,2025-11,282.09,493.65,461.3327678571428,630,312,385,1.23,310999.5,133282.8,143935.82,-10082.98
BHB876/03,Dawa,2025-12,282.09,493.65,520.655035971223,67,317,135,0.43,33074.55,14174.52,165047.65,8560.6
BHB876/03,Dawa,2026-01,282.09,493.65,495.9272413793104,464,319,280,0.88,229053.6,98163.84,158200.79,726.44
BHB876/03,Dawa,2026-02,282.09,493.65,515.0515,278,263,295,1.12,137234.7,58813.68,135458.54,5628.59
BHB876/03,Dawa,2026-03,282.09,493.65,507.4552380952381,159,267,187,0.7,78490.35,33638.04,135490.55,3686.0
BHB876/03,Dawa,2026-04,282.09,493.65,605.555,469,302,354,1.17,231521.85,99221.64,182877.61,33795.31
BHB876/03,Extra,2025-10,282.09,493.65,430.8497674418605,101,159,149,0.94,49858.65,21367.56,68505.11,-9985.24
BHB876/03,Extra,2025-11,282.09,493.65,365.17543859649123,87,95,141,1.48,42947.55,18405.72,34691.67,-12205.08
BHB876/03,Extra,2025-12,282.09,493.65,476.0738255033557,126,104,163,1.57,62199.9,26656.56,49511.68,-1827.92
BHB876/03,Extra,2026-01,282.09,493.65,517.5757575757576,85,106,142,1.34,41960.25,17982.6,54863.03,2536.13
BHB876/03,Extra,2026-02,282.09,493.65,495.0,140,99,183,1.85,69111.0,29618.4,49005.0,133.65
BHB876/03,Extra,2026-03,282.09,493.65,495.0,0,107,76,0.71,0.0,0.0,52965.0,144.45
BHB876/03,Extra,2026-04,282.09,493.65,495.0,169,113,132,1.17,83426.85,35753.64,55935.0,152.55
BHB876/03,Nahdi,2025-10,282.09,493.65,510.14191489361707,266,338,135,0.4,131310.9,56274.96,172427.97,5574.27
BHB876/03,Nahdi,2025-11,282.09,493.65,460.75,269,232,172,0.74,132791.85,56909.64,106894.0,-7632.8
BHB876/03,Nahdi,2025-12,282.09,493.65,446.38892617449665,302,225,249,1.11,149082.3,63891.12,100437.51,-10633.74
BHB876/03,Nahdi,2026-01,282.09,493.65,427.83,150,235,164,0.7,74047.5,31734.0,100540.05,-15467.7
BHB876/03,Nahdi,2026-02,282.09,493.65,427.83,177,220,121,0.55,87376.05,37446.12,94122.6,-14480.4
BHB876/03,Nahdi,2026-03,282.09,493.65,427.83,185,222,84,0.38,91325.25,39138.6,94978.26,-14612.04
BHB876/03,Nahdi,2026-04,282.09,493.65,427.83,760,232,612,2.64,375174.0,160785.6,99256.56,-15270.24
BHB876/03,Noon,2025-10,282.09,493.65,583.2189361702128,113,337,71,0.21,55782.45,23906.28,196544.78,30184.73
BHB876/03,Noon,2025-11,282.09,493.65,318.4035398230088,804,251,624,2.49,396894.6,170094.24,79919.29,-43986.86
BHB876/03,Noon,2025-12,282.09,493.65,279.89261744966444,0,277,347,1.25,0.0,0.0,77530.26,-59210.79
BHB876/03,Noon,2026-01,282.09,493.65,337.0967741935484,175,267,255,0.96,86388.75,37023.0,90004.84,-41799.71
BHB876/03,Noon,2026-02,282.09,493.65,327.0,335,259,331,1.28,165372.75,70872.6,84693.0,-43162.35
BHB876/03,Noon,2026-03,282.09,493.65,380.36739130434785,434,292,473,1.62,214244.1,91817.04,111067.28,-33078.52
BHB876/03,Noon,2026-04,282.09,493.65,505.40999999999997,85,289,269,0.93,41960.25,17982.6,146063.49,3398.64
BHB876/03,Saco,2025-10,282.09,493.65,576.0008510638298,346,443,75,0.17,170802.9,73199.76,255168.38,36481.43
BHB876/03,Saco,2025-11,282.09,493.65,411.3030303030303,402,387,90,0.23,198447.3,85047.12,159174.27,-31868.28
BHB876/03,Saco,2025-12,282.09,493.65,532.0268456375838,629,347,372,1.07,310505.85,133071.24,184613.32,13316.77
BHB876/03,Saco,2026-01,282.09,493.65,603.7741935483871,100,372,100,0.27,49365.0,21156.0,224604.0,40966.2
BHB876/03,Saco,2026-02,282.09,493.65,523.8461538461538,635,355,380,1.07,313467.75,134340.6,185965.38,10719.63
BHB876/03,Saco,2026-03,282.09,493.65,630.483870967742,490,399,471,1.18,241888.5,103664.4,251563.06,54596.71
BHB876/03,Saco,2026-04,282.09,493.65,585.0,150,374,247,0.66,74047.5,31734.0,218790.0,34164.9
BHC010/13,Amazon,2025-10,43.52,76.15,94.23382978723404,331,579,20,0.03,25205.65,10800.53,54561.39,10470.54
BHC010/13,Amazon,2025-11,43.52,76.15,44.0,437,416,41,0.1,33277.55,14259.31,18304.0,-13374.4
BHC010/13,Amazon,2026-01,43.52,76.15,63.78888888888889,448,343,146,0.43,34115.2,14618.24,21879.59,-4239.86
BHC010/13,Amazon,2026-02,43.52,76.15,49.43333333333333,819,350,615,1.76,62366.85,26723.97,17301.67,-9350.83
BHC010/13,Amazon,2026-04,43.52,76.15,51.425,0,409,206,0.5,0.0,0.0,21032.82,-10112.53
BHC010/13,Dawa,2025-10,43.52,76.15,86.32936170212766,333,493,15,0.03,25357.95,10865.79,42560.38,5018.43
BHC010/13,Dawa,2025-11,43.52,76.15,75.47017857142858,477,375,117,0.31,36323.55,15564.51,28301.32,-254.93
BHC010/13,Dawa,2025-12,43.52,76.15,83.46241134751773,956,307,766,2.5,72799.4,31194.28,25622.96,2244.91
BHC010/13,Dawa,2026-01,43.52,76.15,79.19379310344827,342,352,756,2.15,26043.3,11159.46,27876.22,1071.42
BHC010/13,Dawa,2026-02,43.52,76.15,79.53714285714285,0,336,420,1.25,0.0,0.0,26724.48,1138.08
BHC010/13,Dawa,2026-03,43.52,76.15,84.14380952380952,420,344,496,1.44,31983.0,13704.6,28945.47,2749.87
BHC010/13,Dawa,2026-04,43.52,76.15,91.66,213,359,350,0.97,16219.95,6950.19,32905.94,5568.09
BHC010/13,Extra,2025-10,43.52,76.15,69.6020930232558,474,404,228,0.56,36095.1,15466.62,28119.25,-2645.35
BHC010/13,Extra,2025-11,43.52,76.15,58.51754385964912,417,291,354,1.22,31754.55,13606.71,17028.61,-5131.04
BHC010/13,Extra,2025-12,43.52,76.15,72.49664429530202,218,286,286,1.0,16600.7,7113.34,20734.04,-1044.86
BHC010/13,Extra,2026-01,43.52,76.15,77.51612903225806,78,279,85,0.3,5939.7,2545.14,21627.0,381.15
BHC010/13,Extra,2026-02,43.52,76.15,76.65384615384616,267,311,41,0.13,20332.05,8712.21,23839.35,156.7
BHC010/13,Extra,2026-03,43.52,76.15,79.93548387096774,388,245,184,0.75,29546.2,12660.44,19584.19,927.44
BHC010/13,Extra,2026-04,43.52,76.15,79.8,137,296,25,0.08,10432.55,4470.31,23620.8,1080.4
BHC010/13,Lulu,2025-10,43.52,76.15,90.70978723404255,466,474,127,0.27,35485.9,15205.58,42996.44,6901.34
BHC010/13,Lulu,2025-11,43.52,76.15,99.0,620,349,398,1.14,47213.0,20230.6,34551.0,7974.65
BHC010/13,Lulu,2025-12,43.52,76.15,88.14765100671141,117,337,178,0.53,8909.55,3817.71,29705.76,4043.21
BHC010/13,Lulu,2026-01,43.52,76.15,88.51612903225806,206,360,24,0.07,15686.9,6721.78,31865.81,4451.81
BHC010/13,Lulu,2026-02,43.52,76.15,72.5,557,373,208,0.56,42415.55,18174.91,27042.5,-1361.45
BHC010/13,Lulu,2026-03,43.52,76.15,43.806451612903224,411,312,307,0.98,31297.65,13410.93,13667.61,-10091.19
BHC010/13,Lulu,2026-04,43.52,76.15,88.28571428571429,162,301,168,0.56,12336.3,5286.06,26574.0,3652.85
BHC010/13,Noon,2025-10,43.52,76.15,89.77127659574468,330,360,133,0.37,25129.5,10767.9,32317.66,4903.66
BHC010/13,Noon,2025-11,43.52,76.15,46.7027027027027,484,243,374,1.54,36856.6,15792.92,11348.76,-7155.69
BHC010/13,Noon,2025-12,43.52,76.15,57.49664429530201,93,269,198,0.74,7081.95,3034.59,15466.6,-5017.75
BHC010/13,Noon,2026-01,43.52,76.15,68.53709677419356,123,292,29,0.1,9366.45,4013.49,20012.83,-2222.97
BHC010/13,Noon,2026-02,43.52,76.15,52.391999999999996,706,232,503,2.17,53761.9,23036.78,12154.94,-5511.86
BHC010/13,Noon,2026-03,43.52,76.15,57.56785714285714,0,229,274,1.2,0.0,0.0,13183.04,-4255.31
BHC010/13,Noon,2026-04,43.52,76.15,59.90333333333333,175,241,208,0.86,13326.25,5710.25,14436.7,-3915.45
BHC010/13,Saco,2025-10,43.52,76.15,89.15829787234041,1053,569,683,1.2,80185.95,34359.39,50731.07,7401.72
BHC010/13,Saco,2025-11,43.52,76.15,66.62626262626263,0,386,297,0.77,0.0,0.0,25717.74,-3676.16
BHC010/13,Saco,2025-12,43.52,76.15,87.24324324324324,363,331,329,0.99,27642.45,11844.69,28877.51,3671.86
BHC010/13,Saco,2026-01,43.52,76.15,91.4375,687,423,593,1.4,52315.05,22416.81,38678.06,6466.61
BHC010/13,Saco,2026-02,43.52,76.15,63.46153846153846,394,408,579,1.42,30003.1,12856.22,25892.31,-5176.89
BHC010/13,Saco,2026-03,43.52,76.15,93.78387096774195,116,322,373,1.16,8833.4,3785.08,30198.41,5678.11
BHC010/13,Saco,2026-04,43.52,76.15,88.0,551,393,531,1.35,41958.65,17979.13,34584.0,4657.05
BHD003/03,Amazon,2025-10,39.03,68.31,85.55510638297872,179,447,17,0.04,12227.49,5241.12,38243.13,7708.56
BHD003/03,Amazon,2025-11,39.03,68.31,46.85963302752293,696,305,408,1.34,47543.76,20378.88,14292.19,-6542.36
BHD003/03,Amazon,2025-12,39.03,68.31,50.71627906976744,596,276,728,2.64,40712.76,17450.88,13997.69,-4855.87
BHD003/03,Amazon,2026-01,39.03,68.31,49.714,65,277,516,1.86,4440.15,1903.2,13770.78,-5151.09
BHD003/03,Amazon,2026-02,39.03,68.31,44.49,165,279,402,1.44,11271.15,4831.2,12412.71,-6645.78
BHD003/03,Amazon,2026-03,39.03,68.31,57.276666666666664,80,349,133,0.38,5464.8,2342.4,19989.56,-3850.63
BHD003/03,Extra,2025-10,39.03,68.31,58.493720930232556,369,452,82,0.18,25206.39,10804.32,26439.16,-4436.96
BHD003/03,Extra,2025-11,39.03,68.31,48.98245614035088,611,276,417,1.51,41737.41,17890.08,13519.16,-5334.4
BHD003/03,Extra,2025-12,39.03,68.31,55.85906040268456,191,286,322,1.13,13047.21,5592.48,15975.69,-3560.97
BHD003/03,Extra,2026-01,39.03,68.31,66.90322580645162,0,280,42,0.15,0.0,0.0,18732.9,-393.9
BHD003/03,Extra,2026-02,39.03,68.31,70.10344827586206,329,282,89,0.32,22473.99,9633.12,19769.17,505.75
BHD003/03,Extra,2026-03,39.03,68.31,75.64516129032258,278,343,24,0.07,18990.18,8139.84,25946.29,2515.96
BHD003/03,Extra,2026-04,39.03,68.31,77.66666666666667,490,295,219,0.74,33471.9,14347.2,22911.67,2760.22
BHD003/03,Lulu,2025-10,39.03,68.31,83.80021276595745,287,426,52,0.12,19604.97,8403.36,35698.89,6598.83
BHD003/03,Lulu,2025-11,39.03,68.31,90.0,880,318,614,1.93,60112.8,25766.4,28620.0,6897.42
BHD003/03,Lulu,2025-12,39.03,68.31,80.15384615384616,119,357,376,1.05,8128.89,3484.32,28614.92,4228.25
BHD003/03,Lulu,2026-01,39.03,68.31,79.37931034482759,5,334,47,0.14,341.55,146.4,26512.69,3697.15
BHD003/03,Lulu,2026-02,39.03,68.31,72.91304347826087,421,372,96,0.26,28758.51,12326.88,27123.65,1712.33
BHD003/03,Lulu,2026-03,39.03,68.31,76.13333333333334,260,316,40,0.13,17760.6,7612.8,24058.13,2472.17
BHD003/03,Lulu,2026-04,39.03,68.31,79.0,1040,376,704,1.87,71042.4,30451.2,29704.0,4019.44
BHD003/03,Nahdi,2025-10,39.03,68.31,69.15808510638297,911,630,429,0.68,62230.41,26674.08,43569.59,534.29
BHD003/03,Nahdi,2025-11,39.03,68.31,62.27,349,414,364,0.88,23840.19,10218.72,25779.78,-2500.56
BHD003/03,Nahdi,2025-12,39.03,68.31,60.33308724832215,637,457,544,1.19,43513.47,18651.36,27572.22,-3645.45
BHD003/03,Nahdi,2026-01,39.03,68.31,56.96935483870968,437,520,461,0.89,29851.47,12795.36,29624.06,-5897.14
BHD003/03,Nahdi,2026-02,39.03,68.31,58.9837037037037,601,528,534,1.01,41054.31,17597.28,31143.4,-4924.28
BHD003/03,Nahdi,2026-03,39.03,68.31,57.83,91,464,161,0.35,6216.21,2664.48,26833.12,-4862.72
BHD003/03,Nahdi,2026-04,39.03,68.31,57.83,420,466,115,0.25,28690.2,12297.6,26948.78,-4883.68
BHD003/03,Noon,2025-10,39.03,68.31,80.26425531914894,0,181,25,0.14,0.0,0.0,14527.83,2163.72
BHD003/03,Noon,2025-11,39.03,68.31,48.742035398230094,139,126,38,0.3,9495.09,4069.92,6141.5,-2465.56
BHD003/03,Noon,2025-12,39.03,68.31,47.23489932885906,137,106,69,0.65,9358.47,4011.36,5006.9,-2233.96
BHD003/03,Noon,2026-01,39.03,68.31,55.38870967741936,98,138,29,0.21,6694.38,2869.44,7643.64,-1783.14
BHD003/03,Noon,2026-02,39.03,68.31,57.76923076923077,109,114,24,0.21,7445.79,3191.52,6585.69,-1201.65
BHD003/03,Noon,2026-03,39.03,68.31,58.99714285714286,224,126,122,0.97,15301.44,6558.72,7433.64,-1173.42
BHD003/03,Noon,2026-04,39.03,68.31,60.85,100,111,111,1.0,6831.0,2928.0,6754.35,-828.06
BHD003/03,Saco,2025-10,39.03,68.31,82.2868085106383,683,446,491,1.1,46655.73,19998.24,36699.92,6233.66
BHD003/03,Saco,2025-11,39.03,68.31,65.06060606060606,225,376,340,0.9,15369.75,6588.0,24462.79,-1221.77
BHD003/03,Saco,2025-12,39.03,68.31,80.24161073825503,393,432,301,0.7,26845.83,11507.04,34664.38,5154.46
BHD003/03,Saco,2026-01,39.03,68.31,77.0,98,372,27,0.07,6694.38,2869.44,28644.0,3232.68
BHD003/03,Saco,2026-02,39.03,68.31,80.92307692307692,874,365,536,1.47,59702.94,25590.72,29536.92,4603.77
BHD003/03,Saco,2026-03,39.03,68.31,87.17096774193548,0,364,172,0.47,0.0,0.0,31730.23,6865.39
BHD003/03,Saco,2026-04,39.03,68.31,77.0,678,400,450,1.12,46314.18,19851.84,30800.0,3476.0
BHD272/03,Amazon,2025-10,112.5,196.88,244.74702127659575,388,471,214,0.45,76389.44,32739.44,115275.85,22545.37
BHD272/03,Amazon,2025-11,112.5,196.88,122.57142857142857,446,292,368,1.26,87808.48,37633.48,35790.86,-21698.1
BHD272/03,Amazon,2025-12,112.5,196.88,119.27083333333333,549,301,616,2.05,108087.12,46324.62,35900.52,-23360.36
BHD272/03,Amazon,2026-01,112.5,196.88,134.0,120,328,408,1.24,23625.6,10125.6,43952.0,-20624.64
BHD272/03,Amazon,2026-02,112.5,196.88,134.0,414,299,523,1.75,81508.32,34933.32,40066.0,-18801.12
BHD272/03,Amazon,2026-03,112.5,196.88,134.0,0,268,255,0.95,0.0,0.0,35912.0,-16851.84
BHD272/03,Amazon,2026-04,112.5,196.88,209.0,203,278,180,0.65,39966.64,17129.14,58102.0,3369.36
BHD272/03,Dawa,2025-10,112.5,196.88,222.87170212765957,255,440,18,0.04,50204.4,21516.9,98063.55,11436.35
BHD272/03,Dawa,2025-11,112.5,196.88,199.56144144144145,729,324,423,1.31,143525.52,61513.02,64657.91,868.79
BHD272/03,Dawa,2025-12,112.5,196.88,220.70546762589927,389,327,485,1.48,76586.32,32823.82,72170.69,7790.93
BHD272/03,Dawa,2026-01,112.5,196.88,208.91866666666664,86,365,206,0.56,16931.68,7256.68,76255.31,4394.11
BHD272/03,Dawa,2026-02,112.5,196.88,210.48899999999998,245,319,132,0.41,48235.6,20673.1,67145.99,4341.27
BHD272/03,Dawa,2026-03,112.5,196.88,222.2352380952381,886,331,687,2.08,174435.68,74760.68,73559.86,8392.58
BHD272/03,Dawa,2026-04,112.5,196.88,240.75,0,347,340,0.98,0.0,0.0,83540.25,15222.89
BHD272/03,Extra,2025-10,112.5,196.88,167.59720930232558,202,350,55,0.16,39769.76,17044.76,58659.02,-10248.98
BHD272/03,Extra,2025-11,112.5,196.88,131.14912280701753,505,290,270,0.93,99424.4,42611.9,38033.25,-19061.95
BHD272/03,Extra,2025-12,112.5,196.88,157.69127516778522,185,270,185,0.69,36422.8,15610.3,42576.64,-10580.96
BHD272/03,Extra,2026-01,112.5,196.88,180.8709677419355,134,247,72,0.29,26381.92,11306.92,44675.13,-3954.23
BHD272/03,Extra,2026-02,112.5,196.88,195.96153846153845,752,280,544,1.94,148053.76,63453.76,54869.23,-257.17
BHD272/03,Extra,2026-03,112.5,196.88,209.70967741935485,217,266,495,1.86,42722.96,18310.46,55782.77,3412.69
BHD272/03,Extra,2026-04,112.5,196.88,213.66666666666666,99,266,328,1.23,19491.12,8353.62,56835.33,4465.25
BHD272/03,Lulu,2025-10,112.5,196.88,235.5557446808511,0,138,56,0.41,0.0,0.0,32506.69,5337.25
BHD272/03,Lulu,2025-11,112.5,196.88,256.0,108,100,64,0.64,21263.04,9113.04,25600.0,5912.0
BHD272/03,Lulu,2025-12,112.5,196.88,241.8255033557047,54,108,10,0.09,10631.52,4556.52,26117.15,4854.11
BHD272/03,Lulu,2026-01,112.5,196.88,228.78125,93,88,15,0.17,18309.84,7847.34,20132.75,2807.31
BHD272/03,Lulu,2026-02,112.5,196.88,229.96296296296296,273,95,193,2.03,53748.24,23035.74,21846.48,3142.88
BHD272/03,Lulu,2026-03,112.5,196.88,217.19354838709677,28,87,134,1.54,5512.64,2362.64,18895.84,1767.28
BHD272/03,Lulu,2026-04,112.5,196.88,219.0,178,107,205,1.92,35044.64,15019.64,23433.0,2366.84
BHD272/03,Nahdi,2025-10,112.5,196.88,202.81638297872342,99,297,94,0.32,19491.12,8353.62,60236.47,1763.11
BHD272/03,Nahdi,2025-11,112.5,196.88,229.69,287,256,125,0.49,56504.56,24217.06,58800.64,8399.36
BHD272/03,Nahdi,2025-12,112.5,196.88,222.5356375838926,526,231,420,1.82,103558.88,44383.88,51405.73,5926.45
BHD272/03,Nahdi,2026-01,112.5,196.88,213.29,137,250,307,1.23,26972.56,11560.06,53322.5,4102.5
BHD272/03,Nahdi,2026-02,112.5,196.88,213.29,299,262,344,1.31,58867.12,25229.62,55881.98,4299.42
BHD272/03,Nahdi,2026-03,112.5,196.88,213.29,0,252,92,0.37,0.0,0.0,53749.08,4135.32
BHD272/03,Nahdi,2026-04,112.5,196.88,213.29,304,254,142,0.56,59851.52,25651.52,54175.66,4168.14
BHD272/03,Noon,2025-10,112.5,196.88,230.8863829787234,66,96,88,0.92,12994.08,5569.08,22165.09,3264.61
BHD272/03,Noon,2025-11,112.5,196.88,122.51351351351352,11,72,27,0.38,2165.68,928.18,8820.97,-5354.39
BHD272/03,Noon,2025-12,112.5,196.88,113.87248322147651,83,65,45,0.69,16341.04,7003.54,7401.71,-5395.49
BHD272/03,Noon,2026-01,112.5,196.88,132.8709677419355,137,64,118,1.84,26972.56,11560.06,8503.74,-4096.58
BHD272/03,Noon,2026-02,112.5,196.88,132.98518518518517,0,71,47,0.66,0.0,0.0,9441.95,-4536.53
BHD272/03,Noon,2026-03,112.5,196.88,153.6551724137931,128,73,102,1.4,25200.64,10800.64,11216.83,-3155.41
BHD272/03,Noon,2026-04,112.5,196.88,206.06666666666666,44,67,79,1.18,8662.72,3712.72,13806.47,615.51
BHD272/03,Saco,2025-10,112.5,196.88,241.37978723404257,806,554,507,0.92,158685.28,68010.28,133724.4,24652.88
BHD272/03,Saco,2025-11,112.5,196.88,178.62626262626262,692,434,765,1.76,136240.96,58390.96,77523.8,-7922.12
BHD272/03,Saco,2025-12,112.5,196.88,225.2751677852349,26,396,395,1.0,5118.88,2193.88,89208.97,11244.49
BHD272/03,Saco,2026-01,112.5,196.88,229.0,53,415,33,0.08,10434.64,4472.14,95035.0,13329.8
BHD272/03,Saco,2026-02,112.5,196.88,162.55555555555554,1093,425,701,1.65,215189.84,92227.34,69086.11,-14587.89
BHD272/03,Saco,2026-03,112.5,196.88,244.49354838709678,0,446,255,0.57,0.0,0.0,109044.12,21235.64
BHD272/03,Saco,2026-04,112.5,196.88,225.6,663,401,517,1.29,130531.44,55943.94,90465.6,11516.72
BHD274/03,Amazon,2025-10,130.77,228.84,289.08851063829786,221,195,190,0.97,50573.64,21673.47,56372.26,11748.46
BHD274/03,Amazon,2025-11,130.77,228.84,203.27982456140353,0,152,38,0.25,0.0,0.0,30898.53,-3885.15
BHD274/03,Amazon,2025-12,130.77,228.84,205.25799999999998,136,151,23,0.15,31122.24,13337.52,30993.96,-3560.88
BHD274/03,Amazon,2026-01,130.77,228.84,225.23133333333334,393,119,297,2.5,89934.12,38541.51,26802.53,-429.43
BHD274/03,Amazon,2026-02,130.77,228.84,218.22538461538463,35,129,203,1.57,8009.4,3432.45,28151.07,-1369.29
BHD274/03,Amazon,2026-03,130.77,228.84,224.38833333333332,173,126,250,1.98,39589.32,16966.11,28272.93,-560.91
BHD274/03,Amazon,2026-04,130.77,228.84,208.665,90,117,223,1.91,20595.6,8826.3,24413.8,-2360.48
BHD274/03,Dawa,2025-10,130.77,228.84,246.8023404255319,1108,642,578,0.9,253554.72,108661.56,158447.1,11531.82
BHD274/03,Dawa,2025-11,130.77,228.84,224.6717605633803,202,494,286,0.58,46225.68,19810.14,110987.85,-2059.11
BHD274/03,Dawa,2025-12,130.77,228.84,247.975,587,510,363,0.71,134329.08,57567.09,126467.25,9758.85
BHD274/03,Dawa,2026-01,130.77,228.84,235.37366666666668,472,409,426,1.04,108012.48,46289.04,96267.83,2672.27
BHD274/03,Dawa,2026-02,130.77,228.84,236.63450000000003,737,514,649,1.26,168655.08,72277.59,121630.13,4006.37
BHD274/03,Dawa,2026-03,130.77,228.84,263.6609523809524,0,481,168,0.35,0.0,0.0,126820.92,16748.88
BHD274/03,Dawa,2026-04,130.77,228.84,273.67,1051,490,729,1.49,240510.84,103071.57,134098.3,21966.7
BHD274/03,Extra,2025-10,130.77,228.84,204.26558139534885,517,656,14,0.02,118310.28,50702.19,133998.22,-16120.82
BHD274/03,Extra,2025-11,130.77,228.84,208.09649122807016,464,457,21,0.05,106181.76,45504.48,95100.1,-9479.78
BHD274/03,Extra,2025-12,130.77,228.84,225.56375838926175,422,419,24,0.06,96570.48,41385.54,94511.21,-1372.75
BHD274/03,Extra,2026-01,130.77,228.84,257.1818181818182,585,483,126,0.26,133871.4,57370.95,124218.82,13689.1
BHD274/03,Extra,2026-02,130.77,228.84,246.59259259259258,988,422,692,1.64,226093.92,96893.16,104062.07,7491.59
BHD274/03,Extra,2026-03,130.77,228.84,260.1290322580645,96,379,409,1.08,21968.64,9414.72,98588.9,11858.54
BHD274/03,Extra,2026-04,130.77,228.84,264.8,434,484,359,0.74,99316.56,42562.38,128163.2,17404.64
BHD274/03,Lulu,2025-10,130.77,228.84,277.2014893617021,0,86,179,2.08,0.0,0.0,23839.33,4159.09
BHD274/03,Lulu,2025-11,130.77,228.84,273.23214285714283,0,73,106,1.45,0.0,0.0,19945.95,3240.63
BHD274/03,Lulu,2025-12,130.77,228.84,274.19463087248323,0,65,41,0.63,0.0,0.0,17822.65,2948.05
BHD274/03,Lulu,2026-01,130.77,228.84,272.75,60,75,26,0.35,13730.4,5884.2,20456.25,3293.25
BHD274/03,Lulu,2026-02,130.77,228.84,299.0,65,62,29,0.47,14874.6,6374.55,18538.0,4349.92
BHD274/03,Lulu,2026-03,130.77,228.84,299.0,62,77,14,0.18,14188.08,6080.34,23023.0,5402.32
BHD274/03,Lulu,2026-04,130.77,228.84,299.0,104,73,45,0.62,23799.36,10199.28,21827.0,5121.68
BHD274/03,Nahdi,2025-10,130.77,228.84,236.22893617021276,319,545,5,0.01,72999.96,31284.33,128744.77,4026.97
BHD274/03,Nahdi,2025-11,130.77,228.84,204.5625806451613,471,469,7,0.01,107783.64,46190.97,95939.85,-11386.11
BHD274/03,Nahdi,2025-12,130.77,228.84,205.01275167785232,528,527,8,0.02,120827.52,51780.96,108041.72,-12556.96
BHD274/03,Nahdi,2026-01,130.77,228.84,193.66125,703,456,255,0.56,160874.52,68943.21,88309.53,-16041.51
BHD274/03,Nahdi,2026-02,130.77,228.84,196.495,840,416,679,1.63,192225.6,82378.8,81741.92,-13455.52
BHD274/03,Nahdi,2026-03,130.77,228.84,196.5,127,458,348,0.76,29062.68,12454.89,89997.0,-14811.72
BHD274/03,Nahdi,2026-04,130.77,228.84,196.5,196,462,82,0.18,44852.64,19221.72,90783.0,-14941.08
BHD274/03,Noon,2025-10,130.77,228.84,272.9489361702128,79,299,66,0.22,18078.36,7747.53,81611.73,13188.57
BHD274/03,Noon,2025-11,130.77,228.84,208.1125,310,221,155,0.7,70940.4,30401.7,45992.86,-4580.78
BHD274/03,Noon,2025-12,130.77,228.84,218.0,237,202,190,0.94,54235.08,23242.59,44036.0,-2189.68
BHD274/03,Noon,2026-01,130.77,228.84,216.125,90,191,89,0.47,20595.6,8826.3,41279.88,-2428.56
BHD274/03,Noon,2026-02,130.77,228.84,245.1,518,217,390,1.8,118539.12,50800.26,53186.7,3528.42
BHD274/03,Noon,2026-03,130.77,228.84,225.5016129032258,0,203,187,0.92,0.0,0.0,45776.83,-677.69
BHD274/03,Noon,2026-04,130.77,228.84,252.04090909090908,110,185,112,0.61,25172.4,10787.7,46627.57,4292.17
BHD302/13,Amazon,2025-10,57.4,100.46,125.1431914893617,436,320,342,1.07,43800.56,18774.16,40045.82,7898.62
BHD302/13,Amazon,2025-11,57.4,100.46,75.01754385964912,0,213,129,0.61,0.0,0.0,15978.74,-5419.24
BHD302/13,Amazon,2025-12,57.4,100.46,82.7872340425532,99,212,16,0.08,9945.54,4262.94,17550.89,-3746.63
BHD302/13,Amazon,2026-01,57.4,100.46,118.66785714285716,420,221,215,0.97,42193.2,18085.2,26225.6,4023.94
BHD302/13,Amazon,2026-02,57.4,100.46,104.84038461538461,419,203,431,2.12,42092.74,18042.14,21282.6,889.22
BHD302/13,Amazon,2026-03,57.4,100.46,98.14193548387097,0,220,211,0.96,0.0,0.0,21591.23,-509.97
BHD302/13,Amazon,2026-04,57.4,100.46,108.16333333333334,295,201,305,1.52,29635.7,12702.7,21740.83,1548.37
BHD302/13,Extra,2025-10,57.4,100.46,89.2206976744186,86,149,173,1.16,8639.56,3703.16,13293.88,-1674.66
BHD302/13,Extra,2025-11,57.4,100.46,77.83870967741936,18,118,73,0.62,1808.28,775.08,9184.97,-2669.31
BHD302/13,Extra,2025-12,57.4,100.46,92.51677852348993,151,121,103,0.85,15169.46,6502.06,11194.53,-961.13
BHD302/13,Extra,2026-01,57.4,100.46,116.96774193548387,28,130,1,0.01,2812.88,1205.68,15205.81,2146.01
BHD302/13,Extra,2026-02,57.4,100.46,113.44444444444444,131,107,25,0.23,13160.26,5640.86,12138.56,1389.34
BHD302/13,Extra,2026-03,57.4,100.46,115.35483870967742,244,108,161,1.49,24512.24,10506.64,12458.32,1608.64
BHD302/13,Extra,2026-04,57.4,100.46,120.0,230,113,278,2.46,23105.8,9903.8,13560.0,2208.02
BHD302/13,Lulu,2025-10,57.4,100.46,120.10106382978724,429,270,353,1.31,43097.34,18472.74,32427.29,5303.09
BHD302/13,Lulu,2025-11,57.4,100.46,123.05298013245033,110,219,244,1.11,11050.6,4736.6,26948.6,4947.86
BHD302/13,Lulu,2025-12,57.4,100.46,125.68456375838926,319,189,374,1.98,32046.74,13736.14,23754.38,4767.44
BHD302/13,Lulu,2026-01,57.4,100.46,121.54838709677419,211,213,372,1.75,21197.06,9085.66,25889.81,4491.83
BHD302/13,Lulu,2026-02,57.4,100.46,118.0,191,204,359,1.76,19187.86,8224.46,24072.0,3578.16
BHD302/13,Lulu,2026-03,57.4,100.46,111.96774193548387,53,209,203,0.97,5324.38,2282.18,23401.26,2405.12
BHD302/13,Lulu,2026-04,57.4,100.46,119.0,256,225,234,1.04,25717.76,11023.36,26775.0,4171.5
BHD302/13,Noon,2025-10,57.4,100.46,116.52723404255319,64,195,147,0.75,6429.44,2755.84,22722.81,3133.11
BHD302/13,Noon,2025-11,57.4,100.46,79.54867256637168,46,153,40,0.26,4621.16,1980.76,12170.95,-3199.43
BHD302/13,Noon,2025-12,57.4,100.46,81.83892617449665,320,138,222,1.61,32147.2,13779.2,11293.77,-2569.71
BHD302/13,Noon,2026-01,57.4,100.46,115.82741935483871,73,135,160,1.19,7333.58,3143.38,15636.7,2074.6
BHD302/13,Noon,2026-02,57.4,100.46,104.84038461538461,144,161,143,0.89,14466.24,6200.64,16879.3,705.24
BHD302/13,Noon,2026-03,57.4,100.46,99.725,113,128,128,1.0,11351.98,4865.78,12764.8,-94.08
BHD302/13,Noon,2026-04,57.4,100.46,108.20666666666668,66,124,70,0.56,6630.36,2841.96,13417.63,960.59
BHD340/13,Amazon,2025-10,63.16,110.54,134.72702127659574,237,354,17,0.05,26197.98,11229.06,47693.37,8562.21
BHD340/13,Amazon,2025-11,63.16,110.54,99.3716814159292,800,201,616,3.06,88432.0,37904.0,19973.71,-2244.83
BHD340/13,Amazon,2025-12,63.16,110.54,108.30201342281879,0,254,362,1.43,0.0,0.0,27508.71,-568.45
BHD340/13,Amazon,2026-01,63.16,110.54,103.88709677419355,86,226,222,0.98,9506.44,4074.68,23478.48,-1503.56
BHD340/13,Amazon,2026-02,63.16,110.54,96.53076923076924,42,259,5,0.02,4642.68,1989.96,25001.47,-3628.39
BHD340/13,Amazon,2026-03,63.16,110.54,114.58387096774193,602,246,361,1.47,66545.08,28522.76,28187.63,994.79
BHD340/13,Amazon,2026-04,63.16,110.54,118.9,0,238,123,0.52,0.0,0.0,28298.2,1989.68
BHD340/13,Lulu,2025-10,63.16,110.54,129.9095744680851,435,592,13,0.02,48084.9,20610.3,76906.47,11466.79
BHD340/13,Lulu,2025-11,63.16,110.54,129.10344827586206,1052,356,709,1.99,116288.08,49843.76,45960.83,6608.59
BHD340/13,Lulu,2025-12,63.16,110.54,137.7986577181208,40,418,331,0.79,4421.6,1895.2,57599.84,11394.12
BHD340/13,Lulu,2026-01,63.16,110.54,133.06451612903226,493,328,496,1.51,54496.22,23358.34,43645.16,7388.04
BHD340/13,Lulu,2026-02,63.16,110.54,129.0,303,366,433,1.18,33493.62,14356.14,47214.0,6756.36
BHD340/13,Lulu,2026-03,63.16,110.54,129.96774193548387,809,342,900,2.63,89426.86,38330.42,44448.97,6644.29
BHD340/13,Lulu,2026-04,63.16,110.54,129.0,96,372,624,1.68,10611.84,4548.48,47988.0,6867.12
BHD340/13,Noon,2025-10,63.16,110.54,128.65234042553192,434,430,267,0.62,47974.36,20562.92,55320.51,7788.31
BHD340/13,Noon,2025-11,63.16,110.54,102.29729729729729,695,372,590,1.59,76825.3,32929.1,38054.59,-3066.29
BHD340/13,Noon,2025-12,63.16,110.54,108.28859060402685,0,373,217,0.58,0.0,0.0,40391.64,-839.78
BHD340/13,Noon,2026-01,63.16,110.54,104.73833333333333,406,384,239,0.62,44879.24,19236.28,40219.52,-2227.84
BHD340/13,Noon,2026-02,63.16,110.54,99.01333333333334,139,302,76,0.25,15365.06,6585.82,29902.03,-3481.05
BHD340/13,Noon,2026-03,63.16,110.54,114.74516129032257,681,350,407,1.16,75277.74,32265.78,40160.81,1471.81
BHD340/13,Noon,2026-04,63.16,110.54,118.9,285,335,357,1.07,31503.9,13503.3,39831.5,2800.6
BHD340/13,Saco,2025-10,63.16,110.54,133.42425531914893,252,412,7,0.02,27856.08,11939.76,54970.79,9428.31
BHD340/13,Saco,2025-11,63.16,110.54,116.04545454545455,928,291,644,2.21,102581.12,43968.64,33769.23,1602.09
BHD340/13,Saco,2025-12,63.16,110.54,131.56756756756758,236,297,583,1.96,26087.44,11181.68,39075.57,6245.19
BHD340/13,Saco,2026-01,63.16,110.54,133.19354838709677,53,323,313,0.97,5858.62,2511.14,43021.52,7317.1
BHD340/13,Saco,2026-02,63.16,110.54,145.0,55,314,54,0.17,6079.7,2605.9,45530.0,10820.44
BHD340/13,Saco,2026-03,63.16,110.54,143.59677419354838,412,301,165,0.55,45542.48,19520.56,43222.63,9950.09
BHD340/13,Saco,2026-04,63.16,110.54,134.2,210,266,109,0.41,23213.4,9949.8,35697.2,6293.56
BHD360/23,Amazon,2025-10,73.83,129.21,162.69702127659576,0,121,54,0.45,0.0,0.0,19686.34,4051.93
BHD360/23,Amazon,2025-11,73.83,129.21,102.74509803921569,137,83,108,1.3,17701.77,7587.06,8527.84,-2196.59
BHD360/23,Amazon,2025-12,73.83,129.21,109.0,168,111,165,1.49,21707.28,9303.84,12099.0,-2243.31
BHD360/23,Amazon,2026-01,73.83,129.21,128.3607142857143,137,83,219,2.64,17701.77,7587.06,10653.94,-70.49
BHD360/23,Amazon,2026-02,73.83,129.21,117.38461538461539,0,86,133,1.55,0.0,0.0,10095.08,-1016.98
BHD360/23,Amazon,2026-03,73.83,129.21,119.0,70,92,111,1.21,9044.7,3876.6,10948.0,-939.32
BHD360/23,Amazon,2026-04,73.83,129.21,147.35,37,107,41,0.38,4780.77,2049.06,15766.45,1940.98
BHD360/23,Extra,2025-10,73.83,129.21,117.49604651162791,45,134,92,0.69,5814.45,2492.1,15744.47,-1569.67
BHD360/23,Extra,2025-11,73.83,129.21,108.77551020408163,114,91,115,1.26,14729.94,6313.32,9898.57,-1859.54
BHD360/23,Extra,2025-12,73.83,129.21,119.48993288590604,50,88,77,0.88,6460.5,2769.0,10515.11,-855.37
BHD360/23,Extra,2026-01,73.83,129.21,138.6451612903226,55,84,48,0.57,7106.55,3045.9,11646.19,792.55
BHD360/23,Extra,2026-02,73.83,129.21,144.6153846153846,207,73,182,2.49,26746.47,11463.66,10556.92,1124.59
BHD360/23,Extra,2026-03,73.83,129.21,144.83870967741936,0,95,87,0.92,0.0,0.0,13759.68,1484.73
BHD360/23,Extra,2026-04,73.83,129.21,152.73333333333332,112,90,109,1.21,14471.52,6202.56,13746.0,2117.1
BHD360/23,Noon,2025-10,73.83,129.21,151.16425531914894,64,296,17,0.06,8269.44,3544.32,44744.62,6498.46
BHD360/23,Noon,2025-11,73.83,129.21,109.68928571428572,202,216,3,0.01,26100.42,11186.76,23692.89,-4216.47
BHD360/23,Noon,2025-12,73.83,129.21,108.06040268456375,705,214,494,2.31,91093.05,39042.9,23124.93,-4526.01
BHD360/23,Noon,2026-01,73.83,129.21,126.6875,131,208,417,2.0,16926.51,7254.78,26351.0,-524.68
BHD360/23,Noon,2026-02,73.83,129.21,118.65384615384616,0,229,188,0.82,0.0,0.0,27171.73,-2417.36
BHD360/23,Noon,2026-03,73.83,129.21,119.52903225806452,297,224,261,1.17,38375.37,16447.86,26774.5,-2168.54
BHD360/23,Noon,2026-04,73.83,129.21,147.71999999999997,119,209,171,0.82,15375.99,6590.22,30873.48,3868.59
BHD510/03,Amazon,2025-10,104.37,182.64,225.43765957446809,300,408,137,0.34,54792.0,23481.0,91978.57,17461.45
BHD510/03,Amazon,2025-11,104.37,182.64,146.62280701754386,423,235,325,1.38,77256.72,33108.21,34456.36,-8464.04
BHD510/03,Amazon,2025-12,104.37,182.64,162.05263157894737,243,286,282,0.99,44381.52,19019.61,46347.05,-5887.99
BHD510/03,Amazon,2026-01,104.37,182.64,184.27933333333334,316,235,363,1.54,57714.24,24733.32,43305.64,385.24
BHD510/03,Amazon,2026-02,104.37,182.64,171.35555555555558,153,279,237,0.85,27943.92,11975.31,47808.2,-3148.36
BHD510/03,Amazon,2026-03,104.37,182.64,172.02222222222224,321,313,245,0.78,58627.44,25124.67,53842.96,-3323.36
BHD510/03,Amazon,2026-04,104.37,182.64,173.28727272727272,446,277,414,1.49,81457.44,34908.42,48000.57,-2590.71
BHD510/03,Extra,2025-10,104.37,182.64,164.5020930232558,470,572,28,0.05,85840.8,36786.9,94095.2,-10374.88
BHD510/03,Extra,2025-11,104.37,182.64,161.3877551020408,494,387,135,0.35,90224.16,38665.38,62457.06,-8224.62
BHD510/03,Extra,2025-12,104.37,182.64,175.01342281879195,684,364,455,1.25,124925.76,53536.68,63704.89,-2776.07
BHD510/03,Extra,2026-01,104.37,182.64,195.16129032258064,52,439,68,0.15,9497.28,4070.04,85675.81,5496.85
BHD510/03,Extra,2026-02,104.37,182.64,201.84615384615384,465,373,160,0.43,84927.6,36395.55,75288.62,7163.9
BHD510/03,Extra,2026-03,104.37,182.64,213.1290322580645,752,363,549,1.51,137345.28,58859.04,77365.84,11067.52
BHD510/03,Extra,2026-04,104.37,182.64,221.46666666666667,84,401,232,0.58,15341.76,6574.68,88808.13,15569.49
BHD510/03,Lulu,2025-10,104.37,182.64,218.7685106382979,739,533,380,0.71,134970.96,57841.53,116603.62,19256.5
BHD510/03,Lulu,2025-11,104.37,182.64,225.08275862068965,118,370,128,0.35,21551.52,9235.86,83280.62,15703.82
BHD510/03,Lulu,2025-12,104.37,182.64,226.36912751677852,323,299,152,0.51,58992.72,25281.21,67684.37,13075.01
BHD510/03,Lulu,2026-01,104.37,182.64,219.74193548387098,568,340,380,1.12,103739.52,44457.36,74712.26,12614.66
BHD510/03,Lulu,2026-02,104.37,182.64,214.0,436,347,469,1.35,79631.04,34125.72,74258.0,10881.92
BHD510/03,Lulu,2026-03,104.37,182.64,203.0,38,360,147,0.41,6940.32,2974.26,73080.0,7329.6
BHD510/03,Lulu,2026-04,104.37,182.64,225.0,851,361,637,1.76,155426.64,66607.77,81225.0,15291.96
BHD510/03,Nahdi,2025-10,104.37,182.64,185.11170212765958,0,121,67,0.55,0.0,0.0,22398.52,299.08
BHD510/03,Nahdi,2025-11,104.37,182.64,169.58,184,91,160,1.76,33605.76,14401.68,15431.78,-1188.46
BHD510/03,Nahdi,2025-12,104.37,182.64,172.8028187919463,0,88,72,0.82,0.0,0.0,15206.65,-865.67
BHD510/03,Nahdi,2026-01,104.37,182.64,149.01,68,99,41,0.41,12419.52,5322.36,14751.99,-3329.37
BHD510/03,Nahdi,2026-02,104.37,182.64,152.58307692307693,99,90,50,0.56,18081.36,7748.73,13732.48,-2705.12
BHD510/03,Nahdi,2026-03,104.37,182.64,148.99451612903226,110,87,73,0.84,20090.4,8609.7,12962.52,-2927.16
BHD510/03,Nahdi,2026-04,104.37,182.64,149.006,136,86,123,1.43,24839.04,10644.72,12814.52,-2892.52
BHD510/03,Noon,2025-10,104.37,182.64,218.73595744680853,62,153,78,0.51,11323.68,4852.74,33466.6,5522.68
BHD510/03,Noon,2025-11,104.37,182.64,148.3783783783784,44,115,7,0.06,8036.16,3443.88,17063.51,-3940.09
BHD510/03,Noon,2025-12,104.37,182.64,144.4010067114094,180,106,81,0.76,32875.2,14088.6,15306.51,-4053.33
BHD510/03,Noon,2026-01,104.37,182.64,179.575,88,110,59,0.54,16072.32,6887.76,19753.25,-337.15
BHD510/03,Noon,2026-02,104.37,182.64,171.16400000000002,168,113,114,1.01,30683.52,13149.36,19341.53,-1296.79
BHD510/03,Noon,2026-03,104.37,182.64,186.50199999999998,152,106,160,1.51,27761.28,11897.04,19769.21,409.37
BHD510/03,Noon,2026-04,104.37,182.64,207.0,156,103,213,2.07,28491.84,12210.12,21321.0,2509.08
BHD510/03,Saco,2025-10,104.37,182.64,225.55468085106384,100,190,25,0.13,18264.0,7827.0,42855.39,8153.79
BHD510/03,Saco,2025-11,104.37,182.64,196.3684210526316,297,117,205,1.75,54244.08,23246.19,22975.11,1606.23
BHD510/03,Saco,2025-12,104.37,182.64,225.05405405405406,153,119,239,2.01,27943.92,11975.31,26781.43,5047.27
BHD510/03,Saco,2026-01,104.37,182.64,222.15625,72,138,173,1.25,13150.08,5635.44,30657.56,5453.24
BHD510/03,Saco,2026-02,104.37,182.64,219.6153846153846,119,102,190,1.86,21734.16,9314.13,22400.77,3771.49
BHD510/03,Saco,2026-03,104.37,182.64,234.36451612903227,0,109,81,0.74,0.0,0.0,25545.73,5637.97
BHD510/03,Saco,2026-04,104.37,182.64,213.4,96,116,61,0.53,17533.44,7513.92,24754.4,3568.16
BHD720/13,Amazon,2025-10,220.47,385.83,482.1,266,468,14,0.03,102630.78,43985.76,225622.8,45054.36
BHD720/13,Amazon,2025-11,220.47,385.83,329.4605263157895,785,268,531,1.98,302876.55,129807.6,88295.42,-15107.02
BHD720/13,Amazon,2025-12,220.47,385.83,310.50680272108843,162,262,431,1.65,62504.46,26788.32,81352.78,-19734.68
BHD720/13,Amazon,2026-01,220.47,385.83,391.43225806451613,376,266,541,2.03,145072.08,62175.36,104120.98,1490.2
BHD720/13,Amazon,2026-02,220.47,385.83,427.1057692307692,0,270,271,1.0,0.0,0.0,115318.56,11144.46
BHD720/13,Amazon,2026-03,220.47,385.83,427.0,206,265,212,0.8,79480.98,34064.16,113155.0,10910.05
BHD720/13,Amazon,2026-04,220.47,385.83,425.26666666666665,582,306,488,1.59,224553.06,96239.52,130131.6,12067.62
BHD720/13,Dawa,2025-10,220.47,385.83,430.3844680851064,643,548,373,0.68,248088.69,106326.48,235850.69,24415.85
BHD720/13,Dawa,2025-11,220.47,385.83,103.96965034965035,134,370,137,0.37,51701.22,22158.24,38468.77,-104288.33
BHD720/13,Dawa,2025-12,220.47,385.83,114.64307142857143,250,385,2,0.01,96457.5,41340.0,44137.58,-104406.97
BHD720/13,Dawa,2026-01,220.47,385.83,108.80655172413793,1066,349,719,2.06,411294.78,176273.76,37973.49,-96681.18
BHD720/13,Dawa,2026-02,220.47,385.83,110.61047619047619,199,378,540,1.43,76780.17,32906.64,41810.76,-104032.98
BHD720/13,Dawa,2026-03,220.47,385.83,119.88333333333334,123,400,263,0.66,47457.09,20339.28,47953.33,-106378.67
BHD720/13,Dawa,2026-04,220.47,385.83,128.745,264,425,102,0.24,101859.12,43655.04,54716.62,-109261.13
BHD720/13,Extra,2025-10,220.47,385.83,272.02953488372094,79,195,52,0.27,30480.57,13063.44,53045.76,-22191.09
BHD720/13,Extra,2025-11,220.47,385.83,153.0,173,170,55,0.32,66748.59,28607.28,26010.0,-39581.1
BHD720/13,Extra,2025-12,220.47,385.83,153.0,449,161,343,2.13,173237.67,74246.64,24633.0,-37485.63
BHD720/13,Extra,2026-01,220.47,385.83,153.0,0,190,153,0.81,0.0,0.0,29070.0,-44237.7
BHD720/13,Extra,2026-02,220.47,385.83,443.84615384615387,369,183,339,1.85,142371.27,61017.84,81223.85,10616.96
BHD720/13,Extra,2026-03,220.47,385.83,509.0,0,176,163,0.93,0.0,0.0,89584.0,21677.92
BHD720/13,Extra,2026-04,220.47,385.83,509.0,123,160,126,0.79,47457.09,20339.28,81440.0,19707.2
BHD720/13,Noon,2025-10,220.47,385.83,460.6440425531915,202,388,57,0.15,77937.66,33402.72,178729.89,29027.85
BHD720/13,Noon,2025-11,220.47,385.83,329.4135135135135,286,222,121,0.55,110347.38,47292.96,73129.8,-12524.46
BHD720/13,Noon,2025-12,220.47,385.83,319.0,631,227,525,2.31,243458.73,104342.16,72413.0,-15170.41
BHD720/13,Noon,2026-01,220.47,385.83,396.4089285714286,0,248,277,1.12,0.0,0.0,98309.41,2623.57
BHD720/13,Noon,2026-02,220.47,385.83,427.1057692307692,457,228,506,2.22,176324.31,75569.52,97380.12,9410.88
BHD720/13,Noon,2026-03,220.47,385.83,427.0,0,292,214,0.73,0.0,0.0,124684.0,12021.64
BHD720/13,Noon,2026-04,220.47,385.83,425.42857142857144,552,280,486,1.74,212978.16,91278.72,119120.0,11087.6
BHD720/13,Saco,2025-10,220.47,385.83,469.10127659574465,145,382,15,0.04,55945.35,23977.2,179196.69,31809.63
BHD720/13,Saco,2025-11,220.47,385.83,380.2121212121212,462,314,163,0.52,178253.46,76396.32,119386.61,-1764.01
BHD720/13,Saco,2025-12,220.47,385.83,432.8918918918919,375,350,188,0.54,144686.25,62010.0,151512.16,16471.66
BHD720/13,Saco,2026-01,220.47,385.83,448.75,498,341,345,1.01,192143.34,82349.28,153023.75,21455.72
BHD720/13,Saco,2026-02,220.47,385.83,505.0,471,315,501,1.59,181725.93,77884.56,159075.0,37538.55
BHD720/13,Saco,2026-03,220.47,385.83,500.11290322580646,231,343,389,1.13,89126.73,38198.16,171538.73,39199.04
BHD720/13,Saco,2026-04,220.47,385.83,473.0,489,350,528,1.51,188670.87,80861.04,165550.0,30509.5
BHH730/03,Lulu,2025-10,123.73,216.53,277.34744680851065,115,139,134,0.96,24900.95,10672.0,38551.3,8453.63
BHH730/03,Lulu,2025-11,123.73,216.53,233.84137931034482,60,79,115,1.46,12991.8,5568.0,18473.47,1367.6
BHH730/03,Lulu,2025-12,123.73,216.53,236.99328859060404,111,88,138,1.57,24034.83,10300.8,20855.41,1800.77
BHH730/03,Lulu,2026-01,123.73,216.53,250.80645161290323,73,100,111,1.11,15806.69,6774.4,25080.65,3427.65
BHH730/03,Lulu,2026-02,123.73,216.53,225.0,182,84,209,2.49,39408.46,16889.6,18900.0,711.48
BHH730/03,Lulu,2026-03,123.73,216.53,214.90322580645162,0,100,109,1.09,0.0,0.0,21490.32,-162.68
BHH730/03,Lulu,2026-04,123.73,216.53,225.0,32,81,60,0.74,6928.96,2969.6,18225.0,686.07
BHH730/03,Nahdi,2025-10,123.73,216.53,224.18595744680852,427,368,200,0.54,92458.31,39625.6,82500.43,2817.39
BHH730/03,Nahdi,2025-11,123.73,216.53,210.85,561,290,471,1.62,121473.33,52060.8,61146.5,-1647.2
BHH730/03,Nahdi,2025-12,123.73,216.53,204.28456375838928,226,259,438,1.69,48935.78,20972.8,52909.7,-3171.57
BHH730/03,Nahdi,2026-01,123.73,216.53,195.8,467,342,563,1.65,101119.51,43337.6,66963.6,-7089.66
BHH730/03,Nahdi,2026-02,123.73,216.53,199.85500000000002,164,330,397,1.2,35510.92,15219.2,65952.15,-5502.75
BHH730/03,Nahdi,2026-03,123.73,216.53,195.8,482,327,552,1.69,104367.46,44729.6,64026.6,-6778.71
BHH730/03,Nahdi,2026-04,123.73,216.53,195.8,194,312,434,1.39,42006.82,18003.2,61089.6,-6467.76
BHH730/03,Noon,2025-10,123.73,216.53,271.9427659574468,129,212,33,0.16,27932.37,11971.2,57651.87,11747.51
BHH730/03,Noon,2025-11,123.73,216.53,213.61806451612904,305,164,174,1.06,66041.65,28304.0,35033.36,-477.56
BHH730/03,Noon,2025-12,123.73,216.53,116.33557046979865,86,168,92,0.55,18621.58,7980.8,19544.38,-16832.66
BHH730/03,Noon,2026-01,123.73,216.53,185.41935483870967,235,164,163,0.99,50884.55,21808.0,30408.77,-5102.15
BHH730/03,Noon,2026-02,123.73,216.53,249.6703703703704,101,151,113,0.75,21869.53,9372.8,37700.23,5004.2
BHH730/03,Noon,2026-03,123.73,216.53,239.52758620689656,321,164,270,1.65,69506.13,29788.8,39282.52,3771.6
BHH730/03,Noon,2026-04,123.73,216.53,265.0,0,163,107,0.66,0.0,0.0,43195.0,7900.61
BHH880/03,Amazon,2025-10,135.73,237.52,290.831914893617,60,327,21,0.06,14251.2,6107.4,95102.04,17433.0
BHH880/03,Amazon,2025-11,135.73,237.52,125.83628318584071,244,246,19,0.08,57954.88,24836.76,30955.73,-27474.19
BHH880/03,Amazon,2025-12,135.73,237.52,142.56,299,217,101,0.47,71018.48,30435.21,30935.52,-20606.32
BHH880/03,Amazon,2026-01,135.73,237.52,160.75,303,228,176,0.77,71968.56,30842.37,36651.0,-17503.56
BHH880/03,Amazon,2026-02,135.73,237.52,148.5332,384,236,324,1.37,91207.68,39087.36,35053.84,-21000.88
BHH880/03,Amazon,2026-04,135.73,237.52,169.66666666666666,78,189,213,1.13,18526.56,7939.62,32067.0,-12824.28
BHH880/03,Dawa,2025-10,135.73,237.52,264.3614893617021,385,541,79,0.15,91445.2,39189.15,143019.57,14521.25
BHH880/03,Dawa,2025-11,135.73,237.52,220.0786607142857,686,414,351,0.85,162938.72,69827.94,91112.57,-7220.71
BHH880/03,Dawa,2025-12,135.73,237.52,248.36920863309354,363,369,345,0.93,86219.76,36949.77,91648.24,4003.36
BHH880/03,Dawa,2026-01,135.73,237.52,236.5413333333333,344,362,327,0.9,81706.88,35015.76,85627.96,-354.28
BHH880/03,Dawa,2026-02,135.73,237.52,228.90299999999996,754,348,733,2.11,179090.08,76749.66,79658.24,-2998.72
BHH880/03,Dawa,2026-03,135.73,237.52,236.09809523809523,83,371,445,1.2,19714.16,8448.57,87592.39,-527.53
BHH880/03,Dawa,2026-04,135.73,237.52,277.89,84,323,206,0.64,19951.68,8550.36,89758.47,13039.51
BHH880/03,Extra,2025-10,135.73,237.52,194.6139534883721,0,93,138,1.48,0.0,0.0,18099.1,-3990.26
BHH880/03,Extra,2025-11,135.73,237.52,139.23684210526315,0,56,82,1.46,0.0,0.0,7797.26,-5503.86
BHH880/03,Extra,2025-12,135.73,237.52,176.60402684563758,41,62,61,0.98,9738.32,4173.39,10949.45,-3776.79
BHH880/03,Extra,2026-01,135.73,237.52,203.1290322580645,33,74,20,0.27,7838.16,3359.07,15031.55,-2544.93
BHH880/03,Extra,2026-02,135.73,237.52,200.76923076923077,63,70,13,0.19,14963.76,6412.77,14053.85,-2572.55
BHH880/03,Extra,2026-03,135.73,237.52,227.48387096774192,55,61,7,0.11,13063.6,5598.45,13876.52,-612.2
BHH880/03,Extra,2026-04,135.73,237.52,231.6,191,61,137,2.25,45366.32,19441.89,14127.6,-361.12
BHH880/03,Lulu,2025-10,135.73,237.52,287.7491489361702,757,359,519,1.45,179802.64,77055.03,103301.94,18032.26
BHH880/03,Lulu,2025-11,135.73,237.52,309.0,285,345,459,1.33,67693.2,29010.15,106605.0,24660.6
BHH880/03,Lulu,2025-12,135.73,237.52,274.4496644295302,248,282,425,1.51,58904.96,25243.92,77394.81,10414.17
BHH880/03,Lulu,2026-01,135.73,237.52,253.8709677419355,280,329,376,1.14,66505.6,28501.2,83523.55,5379.47
BHH880/03,Lulu,2026-02,135.73,237.52,221.76923076923077,68,371,73,0.2,16151.36,6921.72,82276.38,-5843.54
BHH880/03,Lulu,2026-03,135.73,237.52,183.6451612903226,743,288,528,1.83,176477.36,75629.97,52889.81,-15515.95
BHH880/03,Lulu,2026-04,135.73,237.52,256.85714285714283,0,365,163,0.45,0.0,0.0,93752.86,7058.06
BHH880/03,Nahdi,2025-10,135.73,237.52,240.49319148936172,631,552,366,0.66,149875.12,64229.49,132752.24,1641.2
BHH880/03,Nahdi,2025-11,135.73,237.52,269.04,28,323,71,0.22,6650.56,2850.12,86899.92,10180.96
BHH880/03,Nahdi,2025-12,135.73,237.52,260.65979865771817,365,414,22,0.05,86694.8,37153.35,107913.16,9579.88
BHH880/03,Nahdi,2026-01,135.73,237.52,246.22093750000002,703,373,352,0.94,166976.56,71558.37,91840.41,3245.45
BHH880/03,Nahdi,2026-02,135.73,237.52,249.83000000000004,544,417,479,1.15,129210.88,55373.76,104179.11,5133.27
BHH880/03,Nahdi,2026-03,135.73,237.52,249.83,542,379,642,1.69,128735.84,55170.18,94685.57,4665.49
BHH880/03,Nahdi,2026-04,135.73,237.52,249.83,137,390,389,1.0,32540.24,13945.23,97433.7,4800.9
BHH880/03,Noon,2025-10,135.73,237.52,283.8463829787234,660,532,325,0.61,156763.2,67181.4,151006.28,24645.64
BHH880/03,Noon,2025-11,135.73,237.52,129.97448979591837,527,450,402,0.89,125173.04,53643.33,58488.52,-48395.48
BHH880/03,Noon,2025-12,135.73,237.52,128.58422818791945,471,434,439,1.01,111871.92,47943.09,55805.56,-47278.12
BHH880/03,Noon,2026-01,135.73,237.52,166.6258064516129,442,408,473,1.16,104983.84,44991.18,67983.33,-28924.83
BHH880/03,Noon,2026-02,135.73,237.52,148.4932,434,451,456,1.01,103083.68,44176.86,66970.43,-40151.09
BHH880/03,Noon,2026-03,135.73,237.52,146.8516129032258,419,375,500,1.33,99520.88,42650.01,55069.35,-34000.65
BHH880/03,Noon,2026-04,135.73,237.52,163.26666666666668,0,364,136,0.37,0.0,0.0,59429.07,-27028.21
BHH880/03,Saco,2025-10,135.73,237.52,284.79723404255316,109,363,24,0.07,25889.68,11095.11,103381.4,17161.64
BHH880/03,Saco,2025-11,135.73,237.52,186.4848484848485,539,297,266,0.9,128023.28,54864.81,55386.0,-15157.44
BHH880/03,Saco,2025-12,135.73,237.52,248.13422818791946,182,288,160,0.56,43228.64,18525.78,71462.66,3056.9
BHH880/03,Saco,2026-01,135.73,237.52,261.75,208,353,15,0.04,49404.16,21172.32,92397.75,8553.19
BHH880/03,Saco,2026-02,135.73,237.52,249.23076923076923,393,276,132,0.48,93345.36,40003.47,68787.69,3232.17
BHH880/03,Saco,2026-03,135.73,237.52,298.84838709677416,314,331,115,0.35,74581.28,31962.06,98918.82,20299.7
BHH880/03,Saco,2026-04,135.73,237.52,252.2,471,284,302,1.06,111871.92,47943.09,71624.8,4169.12
BHH885/03,Amazon,2025-10,162.14,283.75,348.0540425531915,0,111,114,1.03,0.0,0.0,38634.0,7137.75
BHH885/03,Amazon,2025-11,162.14,283.75,224.60935483870966,0,84,30,0.36,0.0,0.0,18867.19,-4967.81
BHH885/03,Amazon,2025-12,162.14,283.75,277.751677852349,46,73,3,0.04,13052.5,5594.06,20275.87,-437.88
BHH885/03,Amazon,2026-01,162.14,283.75,304.72387096774196,100,82,21,0.26,28375.0,12161.0,24987.36,1719.86
BHH885/03,Amazon,2026-02,162.14,283.75,273.2434782608696,86,63,44,0.7,24402.5,10458.46,17214.34,-661.91
BHH885/03,Amazon,2026-03,162.14,283.75,235.49366666666668,50,81,13,0.16,14187.5,6080.5,19074.99,-3908.76
BHH885/03,Amazon,2026-04,162.14,283.75,266.81636363636363,60,68,5,0.07,17025.0,7296.6,18143.51,-1151.49
BHH885/03,Extra,2025-10,162.14,283.75,252.7067441860465,743,688,189,0.27,210826.25,90356.23,173862.24,-21357.76
BHH885/03,Extra,2025-11,162.14,283.75,260.89473684210526,812,390,611,1.57,230405.0,98747.32,101748.95,-8913.55
BHH885/03,Extra,2025-12,162.14,283.75,284.7248322147651,17,467,161,0.34,4823.75,2067.37,132966.5,455.25
BHH885/03,Extra,2026-01,162.14,283.75,314.48387096774195,756,495,422,0.85,214515.0,91937.16,155669.52,15213.27
BHH885/03,Extra,2026-02,162.14,283.75,295.0,424,426,420,0.99,120310.0,51562.64,125670.0,4792.5
BHH885/03,Extra,2026-03,162.14,283.75,282.2258064516129,186,417,189,0.45,52777.5,22619.46,117688.16,-635.59
BHH885/03,Extra,2026-04,162.14,283.75,286.2,993,402,780,1.94,281763.75,120758.73,115052.4,984.9
BHH885/03,Noon,2025-10,162.14,283.75,335.28021276595746,187,135,168,1.24,53061.25,22741.07,45262.83,6956.58
BHH885/03,Noon,2025-12,162.14,283.75,335.0,0,107,61,0.57,0.0,0.0,35845.0,5483.75
BHH885/03,Noon,2026-01,162.14,283.75,334.72727272727275,95,93,63,0.68,26956.25,11552.95,31129.64,4740.89
BHH885/03,Noon,2026-02,162.14,283.75,345.72727272727275,124,101,86,0.85,35185.0,15079.64,34918.45,6259.7
BHH885/03,Noon,2026-03,162.14,283.75,229.97037037037038,58,90,54,0.6,16457.5,7053.38,20697.33,-4840.17
BHH885/03,Noon,2026-04,162.14,283.75,263.57142857142856,76,116,14,0.12,21565.0,9242.36,30574.29,-2340.71
BHH885/03,Saco,2025-10,162.14,283.75,336.4659574468085,483,317,405,1.28,137051.25,58737.63,106659.71,16710.96
BHH885/03,Saco,2025-11,162.14,283.75,259.7823232323232,161,248,318,1.28,45683.75,19579.21,64426.02,-5943.98
BHH885/03,Saco,2025-12,162.14,283.75,307.93288590604027,179,226,271,1.2,50791.25,21768.19,69592.83,5465.33
BHH885/03,Saco,2026-01,162.14,283.75,336.0967741935484,181,259,193,0.75,51358.75,22011.41,87049.06,13557.81
BHH885/03,Saco,2026-02,162.14,283.75,309.2307692307692,110,292,11,0.04,31212.5,13377.1,90295.38,7440.38
BHH885/03,Saco,2026-03,162.14,283.75,358.26774193548385,472,256,227,0.89,133930.0,57399.92,91716.54,19076.54
BHH885/03,Saco,2026-04,162.14,283.75,327.4,452,239,440,1.84,128255.0,54967.72,78248.6,10432.35
BHS375/03,Amazon,2025-10,59.51,104.14,131.8627659574468,95,186,63,0.34,9893.3,4239.85,24526.47,5156.43
BHS375/03,Amazon,2025-11,59.51,104.14,73.57534246575342,115,132,46,0.35,11976.1,5132.45,9711.95,-4034.53
BHS375/03,Amazon,2025-12,59.51,104.14,79.85,138,110,74,0.67,14371.32,6158.94,8783.5,-2671.9
BHS375/03,Amazon,2026-01,59.51,104.14,86.59083333333332,171,131,114,0.87,17807.94,7631.73,11343.4,-2298.94
BHS375/03,Amazon,2026-02,59.51,104.14,69.0,109,138,85,0.62,11351.26,4864.67,9522.0,-4849.32
BHS375/03,Amazon,2026-03,59.51,104.14,89.74461538461537,75,109,51,0.47,7810.5,3347.25,9782.16,-1569.1
BHS375/03,Dawa,2025-10,59.51,104.14,114.22851063829786,439,467,240,0.51,45717.46,19592.57,53344.71,4711.33
BHS375/03,Dawa,2025-11,59.51,104.14,102.26785714285714,657,324,573,1.77,68419.98,29321.91,33134.79,-606.57
BHS375/03,Dawa,2025-12,59.51,104.14,113.09148936170213,397,302,668,2.21,41343.58,17718.11,34153.63,2703.35
BHS375/03,Dawa,2026-01,59.51,104.14,107.28387096774195,30,264,434,1.64,3124.2,1338.9,28322.94,829.98
BHS375/03,Dawa,2026-02,59.51,104.14,107.4,502,266,670,2.52,52278.28,22404.26,28568.4,867.16
BHS375/03,Dawa,2026-03,59.51,104.14,119.27142857142856,205,337,538,1.6,21348.7,9149.15,40194.47,5099.29
BHS375/03,Dawa,2026-04,59.51,104.14,127.65,125,350,313,0.89,13017.5,5578.75,44677.5,8228.5
BHS375/03,Extra,2025-10,59.51,104.14,95.58302325581394,284,466,14,0.03,29575.76,12674.92,44541.69,-3987.55
BHS375/03,Extra,2025-11,59.51,104.14,83.60526315789474,828,310,532,1.72,86227.92,36953.64,25917.63,-6365.77
BHS375/03,Extra,2025-12,59.51,104.14,106.8255033557047,199,330,401,1.22,20723.86,8881.37,35252.42,886.22
BHS375/03,Extra,2026-01,59.51,104.14,117.09677419354838,478,325,554,1.7,49778.92,21333.14,38056.45,4210.95
BHS375/03,Extra,2026-02,59.51,104.14,112.34615384615384,0,305,249,0.82,0.0,0.0,34265.58,2502.88
BHS375/03,Extra,2026-03,59.51,104.14,118.80645161290323,368,274,343,1.25,38323.52,16423.84,32552.97,4018.61
BHS375/03,Extra,2026-04,59.51,104.14,119.8,317,346,314,0.91,33012.38,14147.71,41450.8,5418.36
BHS375/03,Lulu,2025-10,59.51,104.14,125.85680851063829,65,150,103,0.69,6769.1,2900.95,18878.52,3257.52
BHS375/03,Lulu,2025-11,59.51,104.14,135.0,152,120,135,1.12,15829.28,6783.76,16200.0,3703.2
BHS375/03,Lulu,2025-12,59.51,104.14,129.68456375838926,0,101,34,0.34,0.0,0.0,13098.14,2580.0
BHS375/03,Lulu,2026-01,59.51,104.14,125.35483870967742,127,93,68,0.73,13225.78,5668.01,11658.0,1972.98
BHS375/03,Lulu,2026-02,59.51,104.14,122.46153846153847,54,98,24,0.24,5623.56,2410.02,12001.23,1795.51
BHS375/03,Lulu,2026-03,59.51,104.14,123.6774193548387,123,109,38,0.35,12809.22,5489.49,13480.84,2129.58
BHS375/03,Lulu,2026-04,59.51,104.14,119.0,206,124,120,0.97,21452.84,9193.78,14756.0,1842.64
BHS375/03,Nahdi,2025-10,59.51,104.14,108.1859574468085,38,197,61,0.31,3957.32,1695.94,21312.63,797.05
BHS375/03,Nahdi,2025-11,59.51,104.14,92.65438596491228,171,174,58,0.33,17807.94,7631.73,16121.86,-1998.5
BHS375/03,Nahdi,2025-12,59.51,104.14,93.78120805369127,303,159,202,1.27,31554.42,13522.89,14911.21,-1647.05
BHS375/03,Nahdi,2026-01,59.51,104.14,88.53774193548388,172,173,201,1.16,17912.08,7676.36,15317.03,-2699.19
BHS375/03,Nahdi,2026-02,59.51,104.14,91.74192307692307,100,148,153,1.03,10414.0,4463.0,13577.8,-1834.92
BHS375/03,Nahdi,2026-03,59.51,104.14,89.88,53,174,32,0.18,5519.42,2365.39,15639.12,-2481.24
BHS375/03,Nahdi,2026-04,59.51,104.14,89.87999999999998,327,170,189,1.11,34053.78,14594.01,15279.6,-2424.2
BHS375/03,Noon,2025-10,59.51,104.14,122.28914893617022,341,384,101,0.26,35511.74,15218.83,46959.03,6969.27
BHS375/03,Noon,2025-11,59.51,104.14,76.1541095890411,605,262,444,1.69,63004.7,27001.15,19952.38,-7332.3
BHS375/03,Noon,2025-12,59.51,104.14,84.00671140939598,506,328,622,1.9,52694.84,22582.78,27554.2,-6603.72
BHS375/03,Noon,2026-01,59.51,104.14,95.4196875,85,336,371,1.1,8851.9,3793.55,32061.02,-2930.02
BHS375/03,Noon,2026-02,59.51,104.14,85.96,0,253,118,0.47,0.0,0.0,21747.88,-4599.54
BHS375/03,Noon,2026-03,59.51,104.14,104.6470588235294,404,315,207,0.66,42072.56,18030.52,32963.82,159.72
BHS375/03,Noon,2026-04,59.51,104.14,135.0,673,331,549,1.66,70086.22,30035.99,44685.0,10214.66
BHS375/03,Saco,2025-10,59.51,104.14,121.12723404255318,357,479,131,0.27,37177.98,15932.91,58019.95,8136.89
BHS375/03,Saco,2025-11,59.51,104.14,101.03030303030303,463,347,247,0.71,48216.82,20663.69,35057.52,-1079.06
BHS375/03,Saco,2025-12,59.51,104.14,123.44295302013423,363,329,281,0.85,37802.82,16200.69,40612.73,6350.67
BHS375/03,Saco,2026-01,59.51,104.14,125.41935483870968,455,299,437,1.46,47383.7,20306.65,37500.39,6362.53
BHS375/03,Saco,2026-02,59.51,104.14,122.55555555555556,366,287,516,1.8,38115.24,16334.58,35173.44,5285.26
BHS375/03,Saco,2026-03,59.51,104.14,132.1451612903226,111,288,339,1.18,11559.54,4953.93,38057.81,8065.49
BHS375/03,Saco,2026-04,59.51,104.14,124.6,252,325,266,0.82,26243.28,11246.76,40495.0,6649.5
BHS376/03,Amazon,2025-10,88.22,154.38,190.8859574468085,453,476,193,0.41,69934.14,29970.48,90861.72,17376.84
BHS376/03,Amazon,2025-11,88.22,154.38,113.4730612244898,366,289,270,0.93,56503.08,24214.56,32793.71,-11822.11
BHS376/03,Amazon,2025-12,88.22,154.38,123.9969798657718,519,353,436,1.24,80123.22,34337.04,43770.93,-10725.21
BHS376/03,Amazon,2026-01,88.22,154.38,134.55387096774194,0,338,98,0.29,0.0,0.0,45479.21,-6701.23
BHS376/03,Amazon,2026-02,88.22,154.38,136.99333333333334,495,324,269,0.83,76418.1,32749.2,44385.84,-5633.28
BHS376/03,Amazon,2026-03,88.22,154.38,154.665,382,315,336,1.07,58973.16,25273.12,48719.48,89.78
BHS376/03,Amazon,2026-04,88.22,154.38,170.32999999999998,332,322,346,1.07,51254.16,21965.12,54846.26,5135.9
BHS376/03,Dawa,2025-10,88.22,154.38,169.0504255319149,235,267,145,0.54,36279.3,15547.6,45136.46,3917.0
BHS376/03,Dawa,2025-11,88.22,154.38,143.51116071428572,229,194,180,0.93,35353.02,15150.64,27841.17,-2108.55
BHS376/03,Dawa,2025-12,88.22,154.38,161.96122302158273,212,187,205,1.1,32728.56,14025.92,30286.75,1417.69
BHS376/03,Dawa,2026-01,88.22,154.38,154.30142857142854,478,191,492,2.58,73793.64,31624.48,29471.57,-15.01
BHS376/03,Dawa,2026-02,88.22,154.38,159.714,147,210,429,2.04,22693.86,9725.52,33539.94,1120.14
BHS376/03,Dawa,2026-03,88.22,154.38,137.96619047619046,12,215,226,1.05,1852.56,793.92,29662.73,-3528.97
BHS376/03,Dawa,2026-04,88.22,154.38,133.09,248,182,292,1.6,38286.24,16407.68,24222.38,-3874.78
BHS376/03,Lulu,2025-10,88.22,154.38,186.6008510638298,201,371,55,0.15,31030.38,13298.16,69228.92,11953.94
BHS376/03,Lulu,2025-11,88.22,154.38,157.39285714285714,219,229,45,0.2,33809.22,14489.04,36042.96,689.94
BHS376/03,Lulu,2025-12,88.22,154.38,189.48322147651007,282,275,52,0.19,43535.16,18657.12,52107.89,9653.39
BHS376/03,Lulu,2026-01,88.22,154.38,171.83870967741936,344,279,117,0.42,53106.72,22759.04,47943.0,4870.98
BHS376/03,Lulu,2026-02,88.22,154.38,153.92307692307693,556,221,452,2.05,85835.28,36784.96,34017.0,-100.98
BHS376/03,Lulu,2026-03,88.22,154.38,156.90322580645162,0,242,210,0.87,0.0,0.0,37970.58,610.62
BHS376/03,Lulu,2026-04,88.22,154.38,159.0,380,208,382,1.84,58664.4,25140.8,33072.0,960.96
BHS376/03,Noon,2025-10,88.22,154.38,180.51404255319147,74,124,115,0.93,11424.12,4895.84,22383.74,3240.62
BHS376/03,Noon,2025-11,88.22,154.38,116.07123287671234,39,89,65,0.73,6020.82,2580.24,10330.34,-3409.48
BHS376/03,Noon,2025-12,88.22,154.38,123.93959731543625,114,80,99,1.24,17599.32,7542.24,9915.17,-2435.23
BHS376/03,Noon,2026-01,88.22,154.38,128.83461538461538,19,88,30,0.34,2933.22,1257.04,11337.45,-2247.99
BHS376/03,Noon,2026-02,88.22,154.38,159.28074074074073,215,79,166,2.1,33191.7,14224.4,12583.18,387.16
BHS376/03,Noon,2026-03,88.22,154.38,159.43333333333334,0,78,88,1.13,0.0,0.0,12435.8,394.16
BHS376/03,Noon,2026-04,88.22,154.38,170.32999999999998,104,90,102,1.13,16055.52,6880.64,15329.7,1435.5
BHS376/03,Saco,2025-10,88.22,154.38,180.85617021276596,66,125,124,0.99,10189.08,4366.56,22607.02,3309.52
BHS376/03,Saco,2025-11,88.22,154.38,135.9387755102041,144,97,171,1.76,22230.72,9527.04,13186.06,-1788.8
BHS376/03,Saco,2025-12,88.22,154.38,166.50335570469798,0,92,79,0.86,0.0,0.0,15318.31,1115.35
BHS376/03,Saco,2026-01,88.22,154.38,181.29032258064515,57,108,28,0.26,8799.66,3771.12,19579.35,2906.31
BHS376/03,Saco,2026-02,88.22,154.38,199.0,181,84,125,1.49,27942.78,11974.96,16716.0,3748.08
BHS376/03,Saco,2026-03,88.22,154.38,197.07419354838711,12,93,44,0.47,1852.56,793.92,18327.9,3970.56
BHS376/03,Saco,2026-04,88.22,154.38,183.0,56,99,1,0.01,8645.28,3704.96,18117.0,2833.38
BHS378/03,Amazon,2025-10,98.75,172.81,212.38765957446807,74,92,92,1.0,12787.94,5480.44,19539.66,3641.14
BHS378/03,Amazon,2025-11,98.75,172.81,157.78698412698412,74,77,89,1.16,12787.94,5480.44,12149.6,-1156.77
BHS378/03,Amazon,2025-12,98.75,172.81,177.42000000000002,24,72,41,0.57,4147.44,1777.44,12774.24,331.92
BHS378/03,Amazon,2026-01,98.75,172.81,160.97857142857143,44,70,15,0.21,7603.64,3258.64,11268.5,-828.2
BHS378/03,Amazon,2026-02,98.75,172.81,164.3504761904762,149,72,92,1.28,25748.69,11034.94,11833.23,-609.09
BHS378/03,Amazon,2026-03,98.75,172.81,197.23,0,76,16,0.21,0.0,0.0,14989.48,1855.92
BHS378/03,Amazon,2026-04,98.75,172.81,166.70285714285714,163,76,103,1.36,28168.03,12071.78,12669.42,-464.14
BHS378/03,Nahdi,2025-10,98.75,172.81,165.45361702127659,263,344,121,0.35,45449.03,19477.78,56916.04,-2530.6
BHS378/03,Nahdi,2025-11,98.75,172.81,204.39736842105262,314,245,190,0.78,54262.34,23254.84,50077.36,7738.91
BHS378/03,Nahdi,2025-12,98.75,172.81,179.9206711409396,559,204,545,2.67,96600.79,41399.54,36703.82,1450.58
BHS378/03,Nahdi,2026-01,98.75,172.81,143.4706451612903,161,201,505,2.51,27822.41,11923.66,28837.6,-5897.21
BHS378/03,Nahdi,2026-02,98.75,172.81,145.63,23,233,295,1.27,3974.63,1703.38,33931.79,-6332.94
BHS378/03,Nahdi,2026-03,98.75,172.81,145.64,279,195,379,1.94,48213.99,20662.74,28399.8,-5298.15
BHS378/03,Nahdi,2026-04,98.75,172.81,145.64,152,227,304,1.34,26267.12,11257.12,33060.28,-6167.59
BHS378/03,Saco,2025-10,98.75,172.81,219.43106382978723,450,530,27,0.05,77764.5,33327.0,116298.46,24709.16
BHS378/03,Saco,2025-11,98.75,172.81,169.97292929292928,1165,391,801,2.05,201323.65,86279.9,66459.42,-1109.29
BHS378/03,Saco,2025-12,98.75,172.81,184.83221476510067,0,444,357,0.8,0.0,0.0,82065.5,5337.86
BHS378/03,Saco,2026-01,98.75,172.81,189.59375,407,465,299,0.64,70333.67,30142.42,88161.09,7804.44
BHS378/03,Saco,2026-02,98.75,172.81,225.0,958,358,899,2.51,165551.98,70949.48,80550.0,18684.02
BHS378/03,Saco,2026-03,98.75,172.81,222.82258064516128,190,415,674,1.62,32833.9,14071.4,92471.37,20755.22
BHS378/03,Saco,2026-04,98.75,172.81,217.8,0,458,216,0.47,0.0,0.0,99752.4,20605.42
BHS510/03,Amazon,2025-10,135.87,237.78,290.6125531914894,318,319,185,0.58,75614.04,32407.38,92705.4,16853.58
BHS510/03,Amazon,2025-11,135.87,237.78,194.54122448979592,357,282,260,0.92,84887.46,36381.87,54860.63,-12193.33
BHS510/03,Amazon,2025-12,135.87,237.78,209.84099999999998,243,246,257,1.04,57780.54,24764.13,51620.89,-6872.99
BHS510/03,Amazon,2026-01,135.87,237.78,222.55599999999998,370,243,384,1.58,87978.6,37706.7,54081.11,-3699.43
BHS510/03,Amazon,2026-02,135.87,237.78,209.13807692307694,212,293,303,1.03,50409.36,21604.92,61277.46,-8392.08
BHS510/03,Amazon,2026-03,135.87,237.78,214.51428571428573,180,234,249,1.06,42800.4,18343.8,50196.34,-5444.18
BHS510/03,Amazon,2026-04,135.87,237.78,216.83846153846156,538,272,515,1.89,127925.64,54827.58,58980.06,-5696.1
BHS510/03,Dawa,2025-10,135.87,237.78,263.4912765957447,329,494,19,0.04,78229.62,33528.39,130164.69,12701.37
BHS510/03,Dawa,2025-11,135.87,237.78,208.1419642857143,709,274,454,1.66,168586.02,72254.19,57030.9,-8120.82
BHS510/03,Dawa,2025-12,135.87,237.78,230.17354609929077,371,334,491,1.47,88216.38,37808.61,76877.96,-2540.56
BHS510/03,Dawa,2026-01,135.87,237.78,217.89645161290323,323,361,453,1.25,76802.94,32916.93,78660.62,-7177.96
BHS510/03,Dawa,2026-02,135.87,237.78,220.01,75,282,246,0.87,17833.5,7643.25,62042.82,-5011.14
BHS510/03,Dawa,2026-03,135.87,237.78,253.44619047619048,426,355,317,0.89,101294.28,43413.66,89973.4,5561.5
BHS510/03,Dawa,2026-04,135.87,237.78,266.82,379,327,369,1.13,90118.62,38623.89,87250.14,9496.08
BHS510/03,Extra,2025-10,135.87,237.78,217.22046511627906,68,213,11,0.05,16169.04,6929.88,46267.96,-4379.18
BHS510/03,Extra,2025-11,135.87,237.78,207.5,320,152,179,1.18,76089.6,32611.2,31540.0,-4602.56
BHS510/03,Extra,2025-12,135.87,237.78,236.48322147651007,58,138,99,0.72,13791.24,5910.78,32634.68,-178.96
BHS510/03,Extra,2026-01,135.87,237.78,248.0,69,166,2,0.01,16406.82,7031.79,41168.0,1696.52
BHS510/03,Extra,2026-02,135.87,237.78,256.38461538461536,334,166,170,1.02,79418.52,34037.94,42559.85,3088.37
BHS510/03,Extra,2026-03,135.87,237.78,272.83870967741933,81,152,99,0.65,19260.18,8254.71,41471.48,5328.92
BHS510/03,Extra,2026-04,135.87,237.78,290.26666666666665,84,159,24,0.15,19973.52,8560.44,46152.4,8345.38
BHS510/03,Lulu,2025-10,135.87,237.78,284.18021276595744,564,532,269,0.51,134107.92,57477.24,151183.87,24684.91
BHS510/03,Lulu,2025-11,135.87,237.78,249.32142857142858,780,361,688,1.91,185468.4,79489.8,90005.04,4166.46
BHS510/03,Lulu,2025-12,135.87,237.78,280.20805369127515,90,380,398,1.05,21400.2,9171.9,106479.06,16122.66
BHS510/03,Lulu,2026-01,135.87,237.78,285.9375,446,368,476,1.29,106049.88,45451.86,105225.0,17721.96
BHS510/03,Lulu,2026-02,135.87,237.78,278.0,378,373,481,1.29,89880.84,38521.98,103694.0,15002.06
BHS510/03,Lulu,2026-03,135.87,237.78,275.93548387096774,59,393,147,0.37,14029.02,6012.69,108442.65,14995.11
BHS510/03,Lulu,2026-04,135.87,237.78,295.0,285,360,72,0.2,67767.3,29044.35,106200.0,20599.2
BHS510/03,Noon,2025-10,135.87,237.78,279.08851063829786,49,153,29,0.19,11651.22,4993.59,42700.54,6320.2
BHS510/03,Noon,2025-11,135.87,237.78,200.44910714285714,197,112,114,1.02,46842.66,20076.27,22450.3,-4181.06
BHS510/03,Noon,2025-12,135.87,237.78,203.38657718120805,34,122,26,0.21,8084.52,3464.94,24813.16,-4196.0
BHS510/03,Noon,2026-01,135.87,237.78,228.36774193548385,162,133,55,0.41,38520.36,16509.42,30372.91,-1251.83
BHS510/03,Noon,2026-02,135.87,237.78,220.415,118,128,45,0.35,28058.04,12025.38,28213.12,-2222.72
BHS510/03,Noon,2026-03,135.87,237.78,258.7451612903226,355,130,270,2.08,84411.9,36178.05,33636.87,2725.47
BHS510/03,Noon,2026-04,135.87,237.78,222.85,9,124,155,1.25,2140.02,917.19,27633.4,-1851.32
BHS510/03,Saco,2025-10,135.87,237.78,273.4463829787234,277,350,28,0.08,65865.06,28229.07,95706.23,12483.23
BHS510/03,Saco,2025-11,135.87,237.78,245.92929292929293,293,226,95,0.42,69669.54,29859.63,55580.02,1841.74
BHS510/03,Saco,2025-12,135.87,237.78,294.56375838926175,597,236,456,1.93,141954.66,60840.27,69517.05,13400.97
BHS510/03,Saco,2026-01,135.87,237.78,280.741935483871,0,256,200,0.78,0.0,0.0,71869.94,10998.26
BHS510/03,Saco,2026-02,135.87,237.78,284.7692307692308,168,265,103,0.39,39947.04,17120.88,75463.85,12452.15
BHS510/03,Saco,2026-03,135.87,237.78,303.1064516129032,253,233,123,0.53,60158.34,25783.23,70623.8,15221.06
BHS510/03,Saco,2026-04,135.87,237.78,272.2,530,205,448,2.19,126023.4,54012.3,55801.0,7056.1
BHS520/03,Amazon,2025-10,149.21,261.12,325.36,177,130,153,1.18,46218.24,19808.07,42296.8,8351.2
BHS520/03,Amazon,2025-11,149.21,261.12,221.05236842105265,19,87,85,0.98,4961.28,2126.29,19231.56,-3485.88
BHS520/03,Amazon,2025-12,149.21,261.12,229.4391,178,107,156,1.46,46479.36,19919.98,24549.98,-3389.86
BHS520/03,Amazon,2026-01,149.21,261.12,243.6962962962963,5,97,64,0.66,1305.6,559.55,23638.54,-1690.1
BHS520/03,Amazon,2026-02,149.21,261.12,226.9946153846154,49,103,10,0.1,12794.88,5483.59,23380.45,-3514.91
BHS520/03,Amazon,2026-03,149.21,261.12,246.28959999999998,157,102,65,0.64,40995.84,17569.87,25121.54,-1512.7
BHS520/03,Amazon,2026-04,149.21,261.12,312.55571428571426,209,89,185,2.08,54574.08,23389.19,27817.46,4577.78
BHS520/03,Extra,2025-10,149.21,261.12,217.57511627906976,109,164,195,1.19,28462.08,12198.19,35682.32,-7141.36
BHS520/03,Extra,2025-11,149.21,261.12,208.1315789473684,211,110,296,2.69,55096.32,23613.01,22894.47,-5828.73
BHS520/03,Extra,2025-12,149.21,261.12,215.3489932885906,36,118,214,1.81,9400.32,4028.76,25411.18,-5400.98
BHS520/03,Extra,2026-01,149.21,261.12,215.19354838709677,0,110,104,0.95,0.0,0.0,23671.29,-5051.91
BHS520/03,Extra,2026-02,149.21,261.12,189.0,76,133,47,0.35,19845.12,8505.16,25137.0,-9591.96
BHS520/03,Extra,2026-03,149.21,261.12,182.61290322580646,193,109,131,1.2,50396.16,21598.63,19904.81,-8557.27
BHS520/03,Extra,2026-04,149.21,261.12,111.0,165,137,159,1.16,43084.8,18465.15,15207.0,-20566.44
BHS520/03,Lulu,2025-10,149.21,261.12,317.658085106383,89,275,12,0.04,23239.68,9959.99,87355.97,15547.97
BHS520/03,Lulu,2025-11,149.21,261.12,239.0,612,220,404,1.84,159805.44,68488.92,52580.0,-4866.4
BHS520/03,Lulu,2025-12,149.21,261.12,239.0,88,207,285,1.38,22978.56,9848.08,49473.0,-4578.84
BHS520/03,Lulu,2026-01,149.21,261.12,239.0,275,213,347,1.63,71808.0,30775.25,50907.0,-4711.56
BHS520/03,Lulu,2026-02,149.21,261.12,228.03846153846155,12,215,144,0.67,3133.44,1342.92,49028.27,-7112.53
BHS520/03,Lulu,2026-03,149.21,261.12,231.41935483870967,462,199,407,2.05,120637.44,51702.42,46052.45,-5910.43
BHS520/03,Lulu,2026-04,149.21,261.12,229.0,0,202,205,1.01,0.0,0.0,46258.0,-6488.24
BHS520/03,Noon,2025-10,149.21,261.12,308.1768085106383,334,516,83,0.16,87214.08,37377.94,159019.23,24281.31
BHS520/03,Noon,2025-11,149.21,261.12,236.72954545454544,402,372,113,0.3,104970.24,44987.82,88063.39,-9073.25
BHS520/03,Noon,2025-12,149.21,261.12,221.11241610738256,1178,311,980,3.15,307599.36,131829.98,68765.96,-12442.36
BHS520/03,Noon,2026-01,149.21,261.12,254.1032258064516,0,351,629,1.79,0.0,0.0,89190.23,-2462.89
BHS520/03,Noon,2026-02,149.21,261.12,247.67307692307693,65,374,320,0.86,16972.8,7274.15,92629.73,-5029.15
BHS520/03,Noon,2026-03,149.21,261.12,247.04032258064515,572,373,519,1.39,149360.64,64012.52,92146.04,-5251.72
BHS520/03,Noon,2026-04,149.21,261.12,320.0433333333333,569,394,694,1.76,148577.28,63676.79,126097.07,23215.79
BHS520/03,Saco,2025-10,149.21,261.12,312.29297872340425,38,124,76,0.61,9922.56,4252.58,38724.33,6345.45
BHS520/03,Saco,2025-11,149.21,261.12,217.51212121212123,114,96,94,0.98,29767.68,12757.74,20881.16,-4186.36
BHS520/03,Saco,2025-12,149.21,261.12,310.93288590604027,18,78,34,0.44,4700.16,2014.38,24252.77,3885.41
BHS520/03,Saco,2026-01,149.21,261.12,322.53125,127,80,81,1.01,33162.24,14212.57,25802.5,4912.9
BHS520/03,Saco,2026-02,149.21,261.12,339.0,43,81,43,0.53,11228.16,4812.13,27459.0,6308.28
BHS520/03,Saco,2026-03,149.21,261.12,335.71935483870965,117,83,77,0.93,30551.04,13093.47,27864.71,6191.75
BHS520/03,Saco,2026-04,149.21,261.12,247.2,42,92,27,0.29,10967.04,4700.22,22742.4,-1280.64
BHS530/03,Amazon,2025-10,174.93,306.12,378.7197872340426,242,223,206,0.92,74081.04,31747.98,84454.51,16189.75
BHS530/03,Amazon,2025-11,174.93,306.12,211.93871559633027,36,185,57,0.31,11020.32,4722.84,39208.66,-17423.54
BHS530/03,Amazon,2025-12,174.93,306.12,239.0,337,166,228,1.37,103162.44,44211.03,39674.0,-11141.92
BHS530/03,Amazon,2026-01,174.93,306.12,286.1222222222222,192,176,244,1.39,58775.04,25188.48,50357.51,-3519.61
BHS530/03,Amazon,2026-02,174.93,306.12,258.2230769230769,88,177,155,0.88,26938.56,11544.72,45705.48,-8477.76
BHS530/03,Amazon,2026-03,174.93,306.12,253.14499999999998,291,164,282,1.72,89080.92,38176.29,41515.78,-8687.9
BHS530/03,Amazon,2026-04,174.93,306.12,288.8435714285714,0,171,111,0.65,0.0,0.0,49392.25,-2954.27
BHS530/03,Extra,2025-10,174.93,306.12,276.9986046511628,0,138,129,0.93,0.0,0.0,38225.81,-4018.75
BHS530/03,Extra,2025-11,174.93,306.12,235.99122807017545,154,88,195,2.22,47142.48,20203.26,20767.23,-6171.33
BHS530/03,Extra,2025-12,174.93,306.12,278.3288590604027,0,99,96,0.97,0.0,0.0,27554.56,-2751.32
BHS530/03,Extra,2026-01,174.93,306.12,323.59375,155,89,162,1.82,47448.6,20334.45,28799.84,1555.16
BHS530/03,Extra,2026-02,174.93,306.12,316.44444444444446,127,98,191,1.95,38877.24,16661.13,31011.56,1011.8
BHS530/03,Extra,2026-03,174.93,306.12,318.0,23,104,110,1.06,7040.76,3017.37,33072.0,1235.52
BHS530/03,Extra,2026-04,174.93,306.12,324.6,168,103,175,1.7,51428.16,22039.92,33433.8,1903.44
BHS530/03,Lulu,2025-10,174.93,306.12,368.7265957446809,435,630,28,0.04,133162.2,57067.65,232297.76,39442.16
BHS530/03,Noon,2025-10,174.93,306.12,360.02425531914895,627,454,468,1.03,191937.24,82256.13,163451.01,24472.53
BHS530/03,Noon,2025-11,174.93,306.12,223.7919642857143,557,381,644,1.69,170508.84,73072.83,85264.74,-31366.98
BHS530/03,Noon,2025-12,174.93,306.12,237.23287671232876,0,344,300,0.87,0.0,0.0,81608.11,-23697.17
BHS530/03,Noon,2026-01,174.93,306.12,277.28636363636366,419,354,365,1.03,128264.28,54968.61,98159.37,-10207.11
BHS530/03,Noon,2026-02,174.93,306.12,258.272,449,404,410,1.01,137447.88,58904.31,104341.89,-19330.59
BHS530/03,Noon,2026-03,174.93,306.12,259.77580645161294,179,311,278,0.89,54795.48,23483.01,80790.28,-14413.04
BHS530/03,Noon,2026-04,174.93,306.12,288.85066666666665,189,374,93,0.25,57856.68,24794.91,108030.15,-6458.73
BHS732/03,Amazon,2025-10,258.35,452.12,554.7308510638297,924,604,471,0.78,417758.88,179043.48,335057.43,61976.95
BHS732/03,Amazon,2025-11,258.35,452.12,330.7459649122807,0,401,70,0.17,0.0,0.0,132629.13,-48670.99
BHS732/03,Amazon,2025-12,258.35,452.12,436.9955033557047,792,381,481,1.26,358079.04,153465.84,166495.29,-5762.43
BHS732/03,Amazon,2026-01,258.35,452.12,514.85375,0,381,100,0.26,0.0,0.0,196159.28,23901.56
BHS732/03,Amazon,2026-02,258.35,452.12,435.2319230769231,466,461,105,0.23,210687.92,90296.82,200641.92,-7785.4
BHS732/03,Amazon,2026-03,258.35,452.12,551.5848387096775,615,406,314,0.77,278053.8,119168.55,223943.44,40382.72
BHS732/03,Amazon,2026-04,258.35,452.12,526.6633333333334,472,393,393,1.0,213400.64,91459.44,206978.69,29295.53
BHS732/03,Extra,2025-10,258.35,452.12,389.0351162790697,29,266,11,0.04,13111.48,5619.33,103483.34,-16780.58
BHS732/03,Extra,2025-11,258.35,452.12,373.8421052631579,498,202,307,1.52,225155.76,96497.46,75516.11,-15812.13
BHS732/03,Extra,2025-12,258.35,452.12,383.0,0,172,135,0.78,0.0,0.0,65876.0,-11888.64
BHS732/03,Extra,2026-01,258.35,452.12,383.0,67,190,12,0.06,30292.04,12982.59,72770.0,-13132.8
BHS732/03,Extra,2026-02,258.35,452.12,383.0,430,198,244,1.23,194411.6,83321.1,75834.0,-13685.76
BHS732/03,Extra,2026-03,258.35,452.12,542.483870967742,130,218,156,0.72,58775.6,25190.1,118261.48,19699.32
BHS732/03,Extra,2026-04,258.35,452.12,589.0,215,178,193,1.08,97205.8,41660.55,104842.0,24364.64
BHS732/03,Nahdi,2025-10,258.35,452.12,461.8927659574468,875,587,484,0.82,395605.0,169548.75,271131.05,5736.61
BHS732/03,Nahdi,2025-11,258.35,452.12,417.22,737,417,804,1.93,333212.44,142808.49,173980.74,-14553.3
BHS732/03,Nahdi,2025-12,258.35,452.12,439.273355704698,158,446,516,1.16,71434.96,30615.66,195915.92,-5729.6
BHS732/03,Nahdi,2026-01,258.35,452.12,399.0,638,414,740,1.79,288452.56,123625.26,165186.0,-21991.68
BHS732/03,Nahdi,2026-02,258.35,452.12,406.2851851851852,436,437,739,1.69,197124.32,84483.72,177546.63,-20029.81
BHS732/03,Nahdi,2026-03,258.35,452.12,398.9690322580645,425,469,695,1.48,192151.0,82352.25,187116.48,-24927.8
BHS732/03,Nahdi,2026-04,258.35,452.12,399.0,321,459,557,1.21,145130.52,62200.17,183141.0,-24382.08
BHS732/03,Noon,2025-10,258.35,452.12,545.785744680851,331,425,10,0.02,149651.72,64137.87,231958.94,39807.94
BHS732/03,Saco,2025-10,258.35,452.12,538.246170212766,256,409,3,0.01,115742.72,49605.12,220142.68,35225.6
BHS732/03,Saco,2025-11,258.35,452.12,455.0,605,265,343,1.29,273532.6,117230.85,120575.0,763.2
BHS732/03,Saco,2025-12,258.35,452.12,487.32214765100673,193,263,273,1.04,87259.16,37397.61,128165.72,9258.16
BHS732/03,Saco,2026-01,258.35,452.12,559.9677419354839,90,224,139,0.62,40690.8,17439.3,125432.77,24157.89
BHS732/03,Saco,2026-02,258.35,452.12,589.0,354,298,195,0.65,160050.48,68594.58,175522.0,40790.24
BHS732/03,Saco,2026-03,258.35,452.12,583.3,197,231,161,0.7,89067.64,38172.69,134742.3,30302.58
BHS732/03,Saco,2026-04,258.35,452.12,569.0,345,239,267,1.12,155981.4,66850.65,135991.0,27934.32
BRE225/01,Amazon,2025-10,79.6,139.3,144.17021276595744,238,366,169,0.46,33153.4,14208.6,52766.3,1782.5
BRE225/01,Amazon,2025-11,79.6,139.3,154.72369565217392,515,311,373,1.2,71739.5,30745.5,48119.07,4796.77
BRE225/01,Amazon,2025-12,79.6,139.3,186.98016528925618,547,273,647,2.37,76197.1,32655.9,51045.59,13016.69
BRE225/01,Amazon,2026-01,79.6,139.3,189.0,0,269,378,1.41,0.0,0.0,50841.0,13369.3
BRE225/01,Extra,2025-10,79.6,139.3,91.89116279069768,1067,445,763,1.71,148633.1,63699.9,40891.57,-21096.93
BRE225/01,Extra,2025-11,79.6,139.3,75.0,0,318,445,1.4,0.0,0.0,23850.0,-20447.4
BRE225/01,Extra,2025-12,79.6,139.3,77.48322147651007,514,371,588,1.58,71600.2,30685.8,28746.28,-22934.02
BRE225/01,Extra,2026-01,79.6,139.3,79.625,0,382,206,0.54,0.0,0.0,30416.75,-22795.85
BRE225/01,Extra,2026-02,79.6,139.3,75.0,754,350,610,1.74,105032.2,45013.8,26250.0,-22505.0
BRE225/01,Extra,2026-03,79.6,139.3,75.0,345,359,596,1.66,48058.5,20596.5,26925.0,-23083.7
BRE225/01,Extra,2026-04,79.6,139.3,151.0,0,382,214,0.56,0.0,0.0,57682.0,4469.4
BRE225/01,Lulu,2025-10,79.6,139.3,136.12893617021277,141,224,174,0.78,19641.3,8417.7,30492.88,-710.32
BRE225/01,Lulu,2025-11,79.6,139.3,97.47321428571429,114,175,113,0.65,15880.2,6805.8,17057.81,-7319.69
BRE225/01,Lulu,2025-12,79.6,139.3,83.55704697986577,346,211,248,1.18,48197.8,20656.2,17630.54,-11761.76
BRE225/01,Lulu,2026-01,79.6,139.3,79.83870967741936,344,189,403,2.13,47919.2,20536.8,15089.52,-11238.18
BRE225/01,Lulu,2026-02,79.6,139.3,150.0,0,171,232,1.36,0.0,0.0,25650.0,1829.7
BRE225/01,Lulu,2026-03,79.6,139.3,150.0,33,186,79,0.42,4596.9,1970.1,27900.0,1990.2
BRE225/01,Lulu,2026-04,79.6,139.3,150.0,238,176,141,0.8,33153.4,14208.6,26400.0,1883.2
BRE225/01,Nahdi,2025-10,79.6,139.3,117.22209302325582,157,264,7,0.03,21870.1,9372.9,30946.63,-5828.57
BRE225/01,Nahdi,2026-01,79.6,139.3,0.0,356,159,204,1.28,49590.8,21253.2,0.0,-22148.7
BRE225/01,Noon,2025-10,79.6,139.3,134.35468085106382,492,387,280,0.72,68535.6,29372.4,51995.26,-1913.84
BRE225/01,Noon,2025-12,79.6,139.3,75.0,445,274,451,1.65,61988.5,26566.5,20550.0,-17618.2
BRE225/01,Noon,2026-01,79.6,139.3,165.0,0,347,104,0.3,0.0,0.0,57255.0,8917.9
BRE229/00,Extra,2025-12,55.6,97.3,112.35,488,388,302,0.78,47482.4,20349.6,43591.8,5839.4
BRE229/00,Extra,2026-01,55.6,97.3,116.6774193548387,741,326,717,2.2,72099.3,30899.7,38036.84,6317.04
BRE229/00,Extra,2026-02,55.6,97.3,116.38461538461539,203,329,591,1.8,19751.9,8465.1,38290.54,6278.84
BRE229/00,Extra,2026-03,55.6,97.3,118.03225806451613,205,388,408,1.05,19946.5,8548.5,45796.52,8044.12
BRE229/00,Extra,2026-04,55.6,97.3,121.26666666666667,396,325,479,1.47,38530.8,16513.2,39411.67,7789.17
BRE237/00,Extra,2025-12,91.6,160.3,212.2,265,268,167,0.62,42479.5,18205.5,56869.6,13909.2
BRE237/00,Extra,2026-01,91.6,160.3,203.61290322580646,275,331,111,0.34,44082.5,18892.5,67395.87,14336.57
BRE237/00,Extra,2026-02,91.6,160.3,204.0,451,270,292,1.08,72295.3,30983.7,55080.0,11799.0
BRE237/00,Extra,2026-03,91.6,160.3,184.7741935483871,336,305,323,1.06,53860.8,23083.2,56356.13,7464.63
BRE237/00,Extra,2026-04,91.6,160.3,178.06666666666666,276,333,266,0.8,44242.8,18961.2,59296.2,5916.3
BRE255/00,Amazon,2025-10,98.08,171.64,214.30936170212763,341,286,321,1.12,58529.24,25083.96,61292.48,12203.44
BRE255/00,Extra,2025-10,98.08,171.64,144.71255813953488,616,499,410,0.82,105730.24,45312.96,72211.57,-13436.79
BRE255/00,Extra,2025-11,98.08,171.64,112.0,278,437,251,0.57,47715.92,20449.68,48944.0,-26062.68
BRE255/00,Extra,2025-12,98.08,171.64,115.79194630872483,297,520,28,0.05,50977.08,21847.32,60211.81,-29040.99
BRE255/00,Extra,2026-01,98.08,171.64,117.09677419354838,567,525,70,0.13,97319.88,41708.52,61475.81,-28635.19
BRE255/00,Extra,2026-02,98.08,171.64,112.0,481,511,40,0.08,82558.84,35382.36,57232.0,-30476.04
BRE255/00,Extra,2026-03,98.08,171.64,112.0,703,418,325,0.78,120662.92,51712.68,46816.0,-24929.52
BRE255/00,Extra,2026-04,98.08,171.64,112.0,727,515,537,1.04,124782.28,53478.12,57680.0,-30714.6
BRE255/00,Lulu,2025-10,98.08,171.64,207.42021276595744,179,385,87,0.23,30723.56,13167.24,79856.78,13775.38
BRE255/00,Lulu,2025-11,98.08,171.64,145.70535714285714,535,284,338,1.19,91827.4,39354.6,41380.32,-7365.44
BRE255/00,Lulu,2025-12,98.08,171.64,124.77852348993288,268,312,294,0.94,45999.52,19714.08,38930.9,-14620.78
BRE255/00,Lulu,2026-01,98.08,171.64,119.2258064516129,194,303,185,0.61,33298.16,14270.64,36125.42,-15881.5
BRE255/00,Lulu,2026-02,98.08,171.64,224.0,295,289,191,0.66,50633.8,21700.2,64736.0,15132.04
BRE255/00,Lulu,2026-03,98.08,171.64,224.0,384,282,293,1.04,65909.76,28247.04,63168.0,14765.52
BRE255/00,Lulu,2026-04,98.08,171.64,224.0,75,263,105,0.4,12873.0,5517.0,58912.0,13770.68
BRE255/00,Nahdi,2025-10,98.08,171.64,171.27361702127658,604,393,388,0.99,103670.56,44430.24,67310.53,-143.99
BRE255/00,Nahdi,2025-11,98.08,171.64,154.27052631578948,157,364,181,0.5,26947.48,11548.92,56154.47,-6322.49
BRE255/00,Nahdi,2025-12,98.08,171.64,159.6081879194631,435,334,282,0.84,74663.4,31998.6,53309.13,-4018.63
BRE255/00,Nahdi,2026-01,98.08,171.64,129.0,131,392,21,0.05,22484.84,9636.36,50568.0,-16714.88
BRE255/00,Nahdi,2026-02,98.08,171.64,129.0,678,405,294,0.73,116371.92,49873.68,52245.0,-17269.2
BRE255/00,Nahdi,2026-03,98.08,171.64,129.0,95,380,9,0.02,16305.8,6988.2,49020.0,-16203.2
BRE255/00,Nahdi,2026-04,98.08,171.64,129.0,379,310,78,0.25,65051.56,27879.24,39990.0,-13218.4
BRE255/00,Noon,2025-10,98.08,171.64,205.73106382978725,598,533,233,0.44,102640.72,43988.88,109654.66,18170.54
BRE255/00,Noon,2025-12,98.08,171.64,134.6,470,405,298,0.74,80670.8,34573.2,54513.0,-15001.2
BRE255/00,Noon,2026-01,98.08,171.64,159.5,951,480,769,1.6,163229.64,69955.56,76560.0,-5827.2
BRE255/00,Saco,2025-10,98.08,171.64,208.80914893617023,447,489,60,0.12,76723.08,32881.32,102107.67,18175.71
BRE255/00,Saco,2025-11,98.08,171.64,145.0,655,411,304,0.74,112424.2,48181.8,59595.0,-10949.04
BRE255/00,Saco,2025-12,98.08,171.64,145.0,191,358,137,0.38,32783.24,14049.96,51910.0,-9537.12
BRE255/00,Saco,2026-01,98.08,171.64,177.58064516129033,281,409,9,0.02,48230.84,20670.36,72630.48,2429.72
BRE255/00,Saco,2026-02,98.08,171.64,182.69230769230768,405,406,8,0.02,69514.2,29791.8,74173.08,4487.24
BRE255/00,Saco,2026-03,98.08,171.64,222.82258064516128,390,345,53,0.15,66939.6,28688.4,76873.79,17657.99
BRE255/00,Saco,2026-04,98.08,171.64,225.0,523,405,171,0.42,89767.72,38471.88,91125.0,21610.8
BRE275/00,Amazon,2025-10,125.6,219.8,258.55446808510635,78,330,27,0.08,17144.4,7347.6,85322.97,12788.97
BRE275/00,Amazon,2025-11,125.6,219.8,218.67,625,233,419,1.8,137375.0,58875.0,50950.11,-263.29
BRE275/00,Amazon,2025-12,125.6,219.8,241.28294871794873,0,259,160,0.62,0.0,0.0,62492.28,5564.08
BRE275/00,Amazon,2026-03,125.6,219.8,162.24,619,235,544,2.31,136056.2,58309.8,38126.4,-13526.6
BRE275/00,Extra,2025-10,125.6,219.8,166.40837209302327,469,321,316,0.98,103086.2,44179.8,53417.09,-17138.71
BRE275/00,Extra,2025-11,125.6,219.8,135.0,29,233,112,0.48,6374.2,2731.8,31455.0,-19758.4
BRE275/00,Extra,2025-12,125.6,219.8,138.85906040268458,475,229,358,1.56,104405.0,44745.0,31798.72,-18535.48
BRE275/00,Extra,2026-01,125.6,219.8,143.03225806451613,0,217,141,0.65,0.0,0.0,31038.0,-16658.6
BRE275/00,Extra,2026-02,125.6,219.8,135.0,303,228,216,0.95,66599.4,28542.6,30780.0,-19334.4
BRE275/00,Extra,2026-03,125.6,219.8,135.0,211,232,195,0.84,46377.8,19876.2,31320.0,-19673.6
BRE275/00,Extra,2026-04,125.6,219.8,135.0,359,228,326,1.43,78908.2,33817.8,30780.0,-19334.4
BRE275/00,Lulu,2025-10,125.6,219.8,248.5863829787234,645,556,372,0.67,141771.0,60759.0,138214.03,16005.23
BRE275/00,Lulu,2025-11,125.6,219.8,226.38392857142858,311,349,334,0.96,68357.8,29296.2,79007.99,2297.79
BRE275/00,Lulu,2025-12,125.6,219.8,253.05369127516778,405,419,320,0.76,89019.0,38151.0,106029.5,13933.3
BRE275/00,Lulu,2026-01,125.6,219.8,206.32258064516128,682,368,634,1.72,149903.6,64244.4,75926.71,-4959.69
BRE275/00,Lulu,2026-02,125.6,219.8,269.0,253,426,461,1.08,55609.4,23832.6,114594.0,20959.2
BRE275/00,Lulu,2026-03,125.6,219.8,269.0,340,440,361,0.82,74732.0,32028.0,118360.0,21648.0
BRE275/00,Lulu,2026-04,125.6,219.8,269.0,301,408,254,0.62,66159.8,28354.2,109752.0,20073.6
BRE275/00,Noon,2025-10,125.6,219.8,244.66127659574468,317,329,157,0.48,69676.6,29861.4,80493.56,8179.36
BRE275/00,Noon,2025-11,125.6,219.8,213.3125,514,266,405,1.52,112977.2,48418.8,56741.12,-1725.68
BRE275/00,Noon,2025-12,125.6,219.8,304.38926174496646,161,259,307,1.19,35387.8,15166.2,78836.82,21908.62
BRE275/00,Noon,2026-01,125.6,219.8,306.8794117647059,282,263,326,1.24,61983.6,26564.4,80709.29,22901.89
BRE275/00,Saco,2025-10,125.6,219.8,253.47574468085108,137,246,155,0.63,30112.6,12905.4,62355.03,8284.23
BRE275/00,Saco,2025-11,125.6,219.8,172.93,237,143,249,1.74,52092.6,22325.4,24728.99,-6702.41
BRE275/00,Saco,2025-12,125.6,219.8,175.0,147,145,251,1.73,32310.6,13847.4,25375.0,-6496.0
BRE275/00,Saco,2026-01,125.6,219.8,250.61290322580646,200,164,287,1.75,43960.0,18840.0,41100.52,5053.32
BRE275/00,Saco,2026-02,125.6,219.8,269.0,0,150,137,0.91,0.0,0.0,40350.0,7380.0
BRE275/00,Saco,2026-03,125.6,219.8,266.39677419354837,217,161,193,1.2,47696.6,20441.4,42889.88,7502.08
BRE275/00,Saco,2026-04,125.6,219.8,269.0,40,157,76,0.48,8792.0,3768.0,42233.0,7724.4
BRE700/01,Amazon,2025-10,154.06,269.6,333.48744680851064,263,442,22,0.05,70904.8,30387.02,147401.45,28238.25
BRE700/01,Amazon,2025-11,154.06,269.6,229.0,614,330,306,0.93,165534.4,70941.56,75570.0,-13398.0
BRE700/01,Amazon,2025-12,154.06,269.6,257.48396946564884,103,327,82,0.25,27768.8,11900.62,84197.26,-3961.94
BRE700/01,Amazon,2026-01,154.06,269.6,278.5903448275862,912,309,685,2.22,245875.2,105372.48,86084.42,2778.02
BRE700/01,Amazon,2026-02,154.06,269.6,268.83529411764704,43,337,391,1.16,11592.8,4968.22,90597.49,-257.71
BRE700/01,Amazon,2026-03,154.06,269.6,274.725,14,301,104,0.35,3774.4,1617.56,82692.23,1542.63
BRE700/01,Amazon,2026-04,154.06,269.6,287.57142857142856,307,344,67,0.19,82767.2,35470.78,98924.57,6182.17
BRE700/01,Extra,2025-10,154.06,269.6,242.19837209302327,172,305,19,0.06,46371.2,19872.88,73870.5,-8357.5
BRE700/01,Extra,2025-11,154.06,269.6,229.0,815,284,550,1.94,219724.0,94165.1,65036.0,-11530.4
BRE700/01,Extra,2025-12,154.06,269.6,262.19463087248323,0,261,289,1.11,0.0,0.0,68432.8,-1932.8
BRE700/01,Extra,2026-01,154.06,269.6,307.5806451612903,334,240,383,1.6,90046.4,38590.36,73819.35,9115.35
BRE700/01,Extra,2026-02,154.06,269.6,290.38461538461536,269,227,425,1.87,72522.4,31080.26,65917.31,4718.11
BRE700/01,Extra,2026-03,154.06,269.6,295.0,73,248,250,1.01,19680.8,8434.42,73160.0,6299.2
BRE700/01,Extra,2026-04,154.06,269.6,295.0,440,227,463,2.04,118624.0,50837.6,66965.0,5765.8
BRE700/01,Lulu,2025-10,154.06,269.6,325.0840425531915,120,225,5,0.02,32352.0,13864.8,73143.91,12483.91
BRE700/01,Lulu,2025-11,154.06,269.6,293.51785714285717,594,183,416,2.27,160142.4,68630.76,53713.77,4376.97
BRE700/01,Lulu,2025-12,154.06,269.6,335.0536912751678,103,178,341,1.92,27768.8,11900.62,59639.56,11650.76
BRE700/01,Lulu,2026-01,154.06,269.6,312.2258064516129,162,185,318,1.72,43675.2,18717.48,57761.77,7885.77
BRE700/01,Lulu,2026-02,154.06,269.6,293.0,89,199,208,1.05,23994.4,10283.06,58307.0,4656.6
BRE700/01,Lulu,2026-03,154.06,269.6,286.2258064516129,271,178,301,1.69,73061.6,31311.34,50948.19,2959.39
BRE700/01,Lulu,2026-04,154.06,269.6,289.0,214,181,334,1.85,57694.4,24725.56,52309.0,3511.4
BRE700/01,Noon,2025-10,154.06,269.6,315.06787234042554,243,497,40,0.08,65512.8,28076.22,156588.73,22597.53
BRE700/01,Noon,2025-12,154.06,269.6,299.61315789473684,452,426,66,0.15,121859.2,52224.08,127635.21,12785.61
BRE700/01,Noon,2026-02,154.06,269.6,296.1,1208,388,886,2.28,325676.8,139572.32,114886.8,10282.0
BRE700/01,Saco,2025-10,154.06,269.6,329.15276595744683,0,178,83,0.47,0.0,0.0,58589.19,10600.39
BRE700/01,Saco,2025-11,154.06,269.6,264.92929292929296,160,120,123,1.02,43136.0,18486.4,31791.52,-560.48
BRE700/01,Saco,2025-12,154.06,269.6,304.81081081081084,87,110,100,0.91,23455.2,10051.98,33529.19,3873.19
BRE700/01,Saco,2026-01,154.06,269.6,330.9032258064516,217,97,220,2.27,58503.2,25072.18,32097.61,5946.41
BRE700/01,Saco,2026-02,154.06,269.6,276.3076923076923,10,122,108,0.89,2696.0,1155.4,33709.54,818.34
BRE700/01,Saco,2026-03,154.06,269.6,336.9129032258064,176,120,164,1.37,47449.6,20335.04,40429.55,8077.55
BRE700/01,Saco,2026-04,154.06,269.6,323.0,102,99,167,1.69,27499.2,11785.08,31977.0,5286.6
BRE710/01,Amazon,2025-10,184.45,322.78,401.70255319148936,474,466,179,0.38,152997.72,65568.42,187193.39,36777.91
BRE710/01,Amazon,2025-11,184.45,322.78,242.7484,232,404,7,0.02,74884.96,32092.56,98070.35,-32332.77
BRE710/01,Amazon,2025-12,184.45,322.78,287.656,1153,336,824,2.45,372165.34,159494.49,96652.42,-11801.66
BRE710/01,Amazon,2026-01,184.45,322.78,282.2346153846154,0,418,406,0.97,0.0,0.0,117974.07,-16947.97
BRE710/01,Amazon,2026-02,184.45,322.78,249.0,31,363,74,0.2,10006.18,4288.23,90387.0,-26782.14
BRE710/01,Amazon,2026-03,184.45,322.78,249.0,744,325,493,1.52,240148.32,102917.52,80925.0,-23978.5
BRE710/01,Amazon,2026-04,184.45,322.78,237.3,217,406,304,0.75,70043.26,30017.61,96343.8,-34704.88
BRE710/01,Dawa,2025-10,184.45,322.78,357.66446808510636,418,519,137,0.26,134922.04,57821.94,185627.86,18105.04
BRE710/01,Dawa,2025-11,184.45,322.78,314.1887387387387,699,406,430,1.06,225623.22,96692.67,127560.63,-3488.05
BRE710/01,Dawa,2025-12,184.45,322.78,347.17359712230217,185,356,259,0.73,59714.3,25591.05,123593.8,8684.12
BRE710/01,Dawa,2026-01,184.45,322.78,329.30551724137933,183,343,99,0.29,59068.74,25314.39,112951.79,2238.25
BRE710/01,Dawa,2026-02,184.45,322.78,330.56333333333333,722,420,401,0.95,233047.16,99874.26,138836.6,3269.0
BRE710/01,Dawa,2026-03,184.45,322.78,356.34761904761905,492,405,488,1.2,158807.76,68058.36,144320.79,13594.89
BRE710/01,Dawa,2026-04,184.45,322.78,374.79499999999996,401,414,475,1.15,129434.78,55470.33,155165.13,21534.21
BRE710/01,Extra,2025-10,184.45,322.78,277.65046511627907,138,274,101,0.37,44543.64,19089.54,76076.23,-12365.49
BRE710/01,Extra,2025-11,184.45,322.78,243.9561403508772,129,198,32,0.16,41638.62,17844.57,48303.32,-15607.12
BRE710/01,Extra,2025-12,184.45,322.78,284.4765100671141,181,171,42,0.25,58423.18,25037.73,48645.48,-6549.9
BRE710/01,Extra,2026-01,184.45,322.78,316.1875,329,182,189,1.04,106194.62,45510.57,57546.12,-1199.84
BRE710/01,Extra,2026-02,184.45,322.78,357.0,42,213,18,0.08,13556.76,5809.86,76041.0,7288.86
BRE710/01,Extra,2026-03,184.45,322.78,365.0,531,205,344,1.68,171396.18,73453.23,74825.0,8655.1
BRE710/01,Extra,2026-04,184.45,322.78,365.0,0,193,151,0.78,0.0,0.0,70445.0,8148.46
BRE710/01,Lulu,2025-10,184.45,322.78,394.281914893617,118,218,89,0.41,38088.04,16322.94,85953.46,15587.42
BRE710/01,Lulu,2025-11,184.45,322.78,365.49107142857144,401,165,325,1.97,129434.78,55470.33,60306.03,7047.33
BRE710/01,Lulu,2025-12,184.45,322.78,384.56375838926175,104,188,241,1.28,33569.12,14386.32,72297.99,11615.35
BRE710/01,Lulu,2026-01,184.45,322.78,374.35483870967744,148,194,195,1.01,47771.44,20472.84,72624.84,10005.52
BRE710/01,Lulu,2026-02,184.45,322.78,365.0,191,184,202,1.1,61650.98,26421.03,67160.0,7768.48
BRE710/01,Lulu,2026-03,184.45,322.78,349.38709677419354,241,192,251,1.31,77789.98,33337.53,67082.32,5108.56
BRE710/01,Lulu,2026-04,184.45,322.78,365.0,0,189,62,0.33,0.0,0.0,68985.0,7979.58
BRE710/01,Nahdi,2025-10,184.45,322.78,318.65255319148935,0,227,25,0.11,0.0,0.0,72334.13,-936.93
BRE710/01,Nahdi,2025-11,184.45,322.78,306.89473684210526,388,185,228,1.23,125238.64,53672.04,56775.53,-2938.77
BRE710/01,Nahdi,2025-12,184.45,322.78,297.6577181208054,270,170,328,1.93,87150.6,37349.1,50601.81,-4270.79
BRE710/01,Nahdi,2026-01,184.45,322.78,249.0,128,174,282,1.62,41315.84,17706.24,43326.0,-12837.72
BRE710/01,Nahdi,2026-02,184.45,322.78,249.0,213,211,284,1.35,68752.14,29464.29,52539.0,-15567.58
BRE710/01,Nahdi,2026-03,184.45,322.78,249.0,17,188,113,0.6,5487.26,2351.61,46812.0,-13870.64
BRE710/01,Nahdi,2026-04,184.45,322.78,249.0,233,192,154,0.8,75207.74,32230.89,47808.0,-14165.76
BRE710/01,Noon,2025-10,184.45,322.78,379.7793617021277,181,184,212,1.15,58423.18,25037.73,69879.4,10487.88
BRE710/01,Noon,2025-11,184.45,322.78,312.4513274336283,194,143,263,1.84,62619.32,26836.02,44680.54,-1477.0
BRE710/01,Noon,2025-12,184.45,322.78,325.0,0,140,123,0.88,0.0,0.0,45500.0,310.8
BRE710/01,Noon,2026-01,184.45,322.78,321.66249999999997,44,139,28,0.2,14202.32,6086.52,44711.09,-155.33
BRE710/01,Noon,2026-02,184.45,322.78,344.475,153,158,23,0.15,49385.34,21164.49,54427.05,3427.81
BRE710/01,Noon,2026-03,184.45,322.78,360.2857142857143,343,141,225,1.6,110713.54,47447.19,50800.29,5288.31
BRE710/01,Saco,2025-10,184.45,322.78,391.18617021276594,476,384,207,0.54,153643.28,65845.08,150215.49,26267.97
BRE710/01,Saco,2025-11,184.45,322.78,331.9191919191919,554,240,521,2.17,178820.12,76634.82,79660.61,2193.41
BRE710/01,Saco,2025-12,184.45,322.78,370.6216216216216,0,247,274,1.11,0.0,0.0,91543.54,11816.88
BRE710/01,Saco,2026-01,184.45,322.78,374.0967741935484,320,258,336,1.3,103289.6,44265.6,96516.97,13239.73
BRE710/01,Saco,2026-02,184.45,322.78,338.2307692307692,352,284,404,1.42,113618.56,48692.16,96057.54,4388.02
BRE710/01,Saco,2026-03,184.45,322.78,405.26774193548385,0,291,113,0.39,0.0,0.0,117932.91,24003.93
BRE710/01,Saco,2026-04,184.45,322.78,374.2,481,272,322,1.18,155257.18,66536.73,101782.4,13986.24
BRE720/01,Amazon,2025-10,225.6,394.8,462.5004255319149,0,249,49,0.2,0.0,0.0,115162.61,16857.41
BRE720/01,Amazon,2025-11,225.6,394.8,262.37122807017545,280,200,129,0.64,110544.0,47376.0,52474.25,-26485.75
BRE720/01,Amazon,2025-12,225.6,394.8,337.255033557047,105,160,74,0.46,41454.0,17766.0,53960.81,-9207.19
BRE720/01,Amazon,2026-01,225.6,394.8,381.846875,359,178,255,1.43,141733.2,60742.8,67968.74,-2305.66
BRE720/01,Amazon,2026-02,225.6,394.8,324.38461538461536,277,205,327,1.6,109359.6,46868.4,66498.85,-14435.15
BRE720/01,Amazon,2026-03,225.6,394.8,321.0,227,193,361,1.87,89619.6,38408.4,61953.0,-14243.4
BRE720/01,Amazon,2026-04,225.6,394.8,492.3384615384615,0,178,183,1.03,0.0,0.0,87636.25,17361.85
BRE720/01,Dawa,2025-10,225.6,394.8,414.1523404255319,0,89,122,1.37,0.0,0.0,36859.56,1722.36
BRE720/01,Dawa,2025-11,225.6,394.8,360.9017857142857,5,63,64,1.02,1974.0,846.0,22736.81,-2135.59
BRE720/01,Dawa,2025-12,225.6,394.8,399.23489208633094,42,54,52,0.96,16581.6,7106.4,21558.68,239.48
BRE720/01,Dawa,2026-01,225.6,394.8,378.6844827586207,53,61,44,0.72,20924.4,8967.6,23099.75,-983.05
BRE720/01,Dawa,2026-02,225.6,394.8,379.6386363636364,115,60,99,1.65,45402.0,19458.0,22778.32,-909.68
BRE720/01,Dawa,2026-03,225.6,394.8,328.1452380952381,19,57,61,1.07,7501.2,3214.8,18704.28,-3799.32
BRE720/01,Dawa,2026-04,225.6,394.8,316.55,21,56,26,0.46,8290.8,3553.2,17726.8,-4382.0
BRE720/01,Extra,2025-10,225.6,394.8,329.8595348837209,79,264,83,0.31,31189.2,13366.8,87082.92,-17144.28
BRE720/01,Extra,2025-11,225.6,394.8,293.0,160,214,29,0.14,63168.0,27072.0,62702.0,-21785.2
BRE720/01,Extra,2025-12,225.6,394.8,245.3221476510067,199,203,25,0.12,78565.2,33670.8,49800.4,-30344.0
BRE720/01,Extra,2026-01,225.6,394.8,229.19354838709677,350,227,148,0.65,138180.0,59220.0,52026.94,-37592.66
BRE720/01,Extra,2026-02,225.6,394.8,158.30769230769232,113,217,44,0.2,44612.4,19119.6,34352.77,-51318.83
BRE720/01,Extra,2026-03,225.6,394.8,147.0,246,180,110,0.61,97120.8,41623.2,26460.0,-44604.0
BRE720/01,Extra,2026-04,225.6,394.8,147.0,111,216,5,0.02,43822.8,18781.2,31752.0,-53524.8
BRE720/01,Lulu,2025-10,225.6,394.8,456.5134042553192,202,391,9,0.02,79749.6,34178.4,178496.74,24129.94
BRE720/01,Lulu,2025-11,225.6,394.8,416.6517857142857,721,320,410,1.28,284650.8,121993.2,133328.57,6992.57
BRE720/01,Lulu,2025-12,225.6,394.8,450.90604026845637,57,328,139,0.42,22503.6,9644.4,147897.18,18402.78
BRE720/01,Lulu,2026-01,225.6,394.8,448.7741935483871,636,286,489,1.71,251092.8,107611.2,128349.42,15436.62
BRE720/01,Lulu,2026-02,225.6,394.8,489.0,110,307,292,0.95,43428.0,18612.0,150123.0,28919.4
BRE720/01,Lulu,2026-03,225.6,394.8,489.0,77,282,87,0.31,30399.6,13028.4,137898.0,26564.4
BRE720/01,Lulu,2026-04,225.6,394.8,489.0,273,269,91,0.34,107780.4,46191.6,131541.0,25339.8
BRE720/01,Nahdi,2025-10,225.6,394.8,365.70723404255324,0,155,115,0.74,0.0,0.0,56684.62,-4509.38
BRE720/01,Nahdi,2025-11,225.6,394.8,356.89736842105265,151,114,152,1.33,59614.8,25549.2,40686.3,-4320.9
BRE720/01,Nahdi,2025-12,225.6,394.8,336.51677852348996,0,137,15,0.11,0.0,0.0,46102.8,-7984.8
BRE720/01,Nahdi,2026-01,225.6,394.8,299.0,329,117,227,1.94,129889.2,55666.8,34983.0,-11208.6
BRE720/01,Nahdi,2026-02,225.6,394.8,299.0,55,113,169,1.5,21714.0,9306.0,33787.0,-10825.4
BRE720/01,Nahdi,2026-03,225.6,394.8,299.0,89,122,136,1.11,35137.2,15058.8,36478.0,-11687.6
BRE720/01,Nahdi,2026-04,225.6,394.8,299.0,77,104,109,1.05,30399.6,13028.4,31096.0,-9963.2
BRE720/01,Noon,2025-10,225.6,394.8,438.1257446808511,429,698,15,0.02,169369.2,72586.8,305811.77,30241.37
BRE720/01,Noon,2025-11,225.6,394.8,304.975,941,472,484,1.03,371506.8,159217.2,143948.2,-42397.4
BRE720/01,Noon,2025-12,225.6,394.8,334.0,394,488,390,0.8,155551.2,66664.8,162992.0,-29670.4
BRE720/01,Noon,2026-01,225.6,394.8,403.92368421052635,109,409,90,0.22,43033.2,18442.8,165204.79,3731.59
BRE720/01,Noon,2026-02,225.6,394.8,384.85400000000004,691,441,340,0.77,272806.8,116917.2,169720.61,-4386.19
BRE720/01,Noon,2026-03,225.6,394.8,333.8759259259259,830,443,727,1.64,327684.0,140436.0,147907.04,-26989.36
BRE720/01,Noon,2026-04,225.6,394.8,564.0,0,497,230,0.46,0.0,0.0,280308.0,84092.4
BRE740/11,Amazon,2025-10,315.31,551.79,666.0253191489361,211,358,44,0.12,116427.69,49897.28,238437.06,40896.24
BRE740/11,Amazon,2025-11,315.31,551.79,459.0964912280702,778,279,543,1.95,429292.62,183981.44,128087.92,-25861.49
BRE740/11,Amazon,2025-12,315.31,551.79,461.8909090909091,353,340,556,1.64,194781.87,83477.44,157042.91,-30565.69
BRE740/11,Amazon,2026-01,315.31,551.79,526.0828125,0,295,261,0.88,0.0,0.0,155194.43,-7583.62
BRE740/11,Amazon,2026-02,315.31,551.79,465.34615384615387,317,287,291,1.01,174917.43,74964.16,133554.35,-24809.38
BRE740/11,Amazon,2026-03,315.31,551.79,424.4666666666667,422,263,450,1.71,232855.38,99794.56,111634.73,-33486.04
BRE740/11,Amazon,2026-04,315.31,551.79,380.0,30,339,141,0.42,16553.7,7094.4,128820.0,-58236.81
BRE740/11,Dawa,2025-10,315.31,551.79,604.0631914893618,728,362,595,1.64,401703.12,172157.44,218670.88,18922.9
BRE740/11,Dawa,2025-11,315.31,551.79,519.4884821428572,0,319,276,0.87,0.0,0.0,165716.83,-10304.18
BRE740/11,Dawa,2025-12,315.31,551.79,574.82,748,322,702,2.18,412738.92,176887.04,185092.04,7415.66
BRE740/11,Dawa,2026-01,315.31,551.79,545.0879310344827,0,275,427,1.55,0.0,0.0,149899.18,-1843.07
BRE740/11,Dawa,2026-02,315.31,551.79,548.5325,0,314,113,0.36,0.0,0.0,172239.2,-1022.86
BRE740/11,Dawa,2026-03,315.31,551.79,588.8399999999999,676,262,527,2.01,373010.04,159860.48,154276.08,9707.1
BRE740/11,Dawa,2026-04,315.31,551.79,637.905,127,276,378,1.37,70077.33,30032.96,176061.78,23767.74
BRE740/11,Extra,2025-10,315.31,551.79,495.733023255814,161,290,28,0.1,88838.19,38073.28,143762.58,-16256.52
BRE740/11,Extra,2025-11,315.31,551.79,474.10526315789474,221,211,38,0.18,121945.59,52262.08,100036.21,-16391.48
BRE740/11,Extra,2025-12,315.31,551.79,514.7046979865772,314,196,156,0.8,173262.06,74254.72,100882.12,-7268.72
BRE740/11,Extra,2026-01,315.31,551.79,591.3870967741935,192,191,157,0.82,105943.68,45404.16,112954.94,7563.05
BRE740/11,Extra,2026-02,315.31,551.79,568.2307692307693,424,171,410,2.4,233958.96,100267.52,97167.46,2811.37
BRE740/11,Extra,2026-03,315.31,551.79,595.9032258064516,117,165,362,2.19,64559.43,27668.16,98324.03,7278.68
BRE740/11,Extra,2026-04,315.31,551.79,623.0,167,168,361,2.15,92148.93,39492.16,104664.0,11963.28
BRE740/11,Lulu,2025-10,315.31,551.79,653.0882978723405,431,254,318,1.25,237821.49,101922.88,165884.43,25729.77
BRE740/11,Lulu,2025-11,315.31,551.79,627.8214285714286,0,185,133,0.72,0.0,0.0,116146.96,14065.81
BRE740/11,Lulu,2025-12,315.31,551.79,687.993288590604,146,188,91,0.48,80561.34,34526.08,129342.74,25606.22
BRE740/11,Lulu,2026-01,315.31,551.79,686.258064516129,137,186,42,0.23,75595.23,32397.76,127644.0,25011.06
BRE740/11,Lulu,2026-02,315.31,551.79,719.0,264,179,127,0.71,145672.56,62430.72,128701.0,29930.59
BRE740/11,Lulu,2026-03,315.31,551.79,719.0,180,195,112,0.57,99322.2,42566.4,140205.0,32605.95
BRE740/11,Lulu,2026-04,315.31,551.79,719.0,408,214,306,1.43,225130.32,96483.84,153866.0,35782.94
BRE740/11,Nahdi,2025-10,315.31,551.79,560.1140425531916,154,147,217,1.48,84975.66,36417.92,82336.76,1223.63
BRE740/11,Nahdi,2025-11,315.31,551.79,569.5263157894736,97,125,189,1.51,53523.63,22938.56,71190.79,2217.04
BRE740/11,Nahdi,2025-12,315.31,551.79,521.2818791946308,86,123,152,1.24,47453.94,20337.28,64117.67,-3752.5
BRE740/11,Nahdi,2026-01,315.31,551.79,398.9977419354839,0,99,53,0.54,0.0,0.0,39500.78,-15126.43
BRE740/11,Nahdi,2026-02,315.31,551.79,398.9918518518519,192,120,125,1.04,105943.68,45404.16,47879.02,-18335.78
BRE740/11,Nahdi,2026-03,315.31,551.79,399.0,83,113,95,0.84,45798.57,19627.84,45087.0,-17265.27
BRE740/11,Nahdi,2026-04,315.31,551.79,399.0,133,113,115,1.02,73388.07,31451.84,45087.0,-17265.27
BRE740/11,Noon,2025-10,315.31,551.79,658.3004255319149,206,330,72,0.22,113668.74,48714.88,217239.14,35148.44
BRE740/11,Noon,2025-11,315.31,551.79,460.1132075471698,396,240,228,0.95,218508.84,93646.08,110427.17,-22002.43
BRE740/11,Noon,2025-12,315.31,551.79,422.13422818791946,159,233,154,0.66,87734.61,37600.32,98357.28,-30209.79
BRE740/11,Noon,2026-01,315.31,551.79,523.1209677419355,483,243,394,1.62,266514.57,114219.84,127118.4,-6966.57
BRE740/11,Noon,2026-02,315.31,551.79,469.7261904761905,2,250,146,0.58,1103.58,472.96,117431.55,-20515.95
BRE740/11,Noon,2026-03,315.31,551.79,439.0,424,253,317,1.25,233958.96,100267.52,111067.0,-28535.87
BRE740/11,Noon,2026-04,315.31,551.79,393.61333333333334,157,243,231,0.95,86631.03,37127.36,95648.04,-38436.93
BRE740/11,Saco,2025-10,315.31,551.79,664.1274468085106,789,440,478,1.09,435362.31,186582.72,292216.08,49428.48
BRE740/11,Saco,2025-11,315.31,551.79,558.6020408163265,140,259,359,1.39,77250.6,33107.2,144677.93,1764.32
BRE740/11,Saco,2025-12,315.31,551.79,645.0204081632653,34,265,128,0.48,18760.86,8040.32,170930.41,24706.06
BRE740/11,Saco,2026-01,315.31,551.79,662.7741935483871,836,318,646,2.03,461296.44,197697.28,210762.19,35292.97
BRE740/11,Saco,2026-02,315.31,551.79,645.8888888888889,0,275,371,1.35,0.0,0.0,177619.44,25877.19
BRE740/11,Saco,2026-03,315.31,551.79,658.3709677419355,394,249,516,2.07,217405.26,93173.12,163934.37,26538.66
BRE740/11,Saco,2026-04,315.31,551.79,638.6666666666666,0,260,256,0.98,0.0,0.0,166053.33,22587.93
BRI932/02,Amazon,2025-10,914.0,1599.5,1917.5982978723403,351,299,337,1.13,561424.5,240610.5,573361.89,95111.39
BRI932/02,Amazon,2025-11,914.0,1599.5,897.5964912280701,358,273,422,1.55,572621.0,245409.0,245043.84,-191619.66
BRI932/02,Amazon,2025-12,914.0,1599.5,1311.6666666666667,128,246,304,1.24,204736.0,87744.0,322670.0,-70807.0
BRI932/02,Amazon,2026-01,914.0,1599.5,1209.5263157894738,7,272,39,0.14,11196.5,4798.5,328991.16,-106072.84
BRI932/02,Amazon,2026-02,914.0,1599.5,1161.2307692307693,261,246,54,0.22,417469.5,178915.5,285662.77,-107814.23
BRI932/02,Amazon,2026-03,914.0,1599.5,1136.6967741935484,447,239,262,1.1,714976.5,306418.5,271670.53,-110609.97
BRI932/02,Amazon,2026-04,914.0,1599.5,999.0,73,227,108,0.48,116763.5,50041.5,226773.0,-136313.5
BRI932/02,Dawa,2025-10,914.0,1599.5,1664.2840425531915,644,398,475,1.19,1030078.0,441462.0,662385.05,25784.05
BRI932/02,Extra,2025-10,914.0,1599.5,1434.1125581395347,340,408,217,0.53,543830.0,233070.0,585117.92,-67478.08
BRI932/02,Extra,2025-11,914.0,1599.5,1079.017543859649,232,381,68,0.18,371084.0,159036.0,411105.68,-198303.82
BRI932/02,Extra,2025-12,914.0,1599.5,1248.1006711409395,623,374,317,0.85,996488.5,427066.5,466789.65,-131423.35
BRI932/02,Extra,2026-01,914.0,1599.5,1561.0625,329,322,324,1.01,526235.5,225529.5,502662.12,-12376.88
BRI932/02,Extra,2026-02,914.0,1599.5,1506.4814814814815,541,387,478,1.24,865329.5,370855.5,583008.33,-35998.17
BRI932/02,Extra,2026-03,914.0,1599.5,1507.258064516129,261,374,365,0.98,417469.5,178915.5,563714.52,-34498.48
BRI932/02,Extra,2026-04,914.0,1599.5,1559.0,520,358,527,1.47,831740.0,356460.0,558122.0,-14499.0
BRI932/02,Lulu,2025-10,914.0,1599.5,1853.203829787234,342,516,16,0.03,547029.0,234441.0,956253.18,130911.18
BRI932/02,Lulu,2025-11,914.0,1599.5,2285.0,431,426,21,0.05,689384.5,295450.5,973410.0,292023.0
BRI932/02,Lulu,2025-12,914.0,1599.5,1872.1677852348994,762,430,353,0.82,1218819.0,522351.0,805032.15,117247.15
BRI932/02,Lulu,2026-01,914.0,1599.5,2034.1612903225807,456,395,414,1.05,729372.0,312588.0,803493.71,171691.21
BRI932/02,Lulu,2026-02,914.0,1599.5,1906.6153846153845,500,375,539,1.44,799750.0,342750.0,714980.77,115168.27
BRI932/02,Lulu,2026-03,914.0,1599.5,1657.4516129032259,94,465,168,0.36,150353.0,64437.0,770715.0,26947.5
BRI932/02,Lulu,2026-04,914.0,1599.5,1599.0,516,381,303,0.8,825342.0,353718.0,609219.0,-190.5
BRI932/02,Nahdi,2025-10,914.0,1599.5,1499.096170212766,279,404,17,0.04,446260.5,191254.5,605634.85,-40563.15
BRI932/02,Nahdi,2025-11,914.0,1599.5,1230.578947368421,588,328,277,0.84,940506.0,403074.0,403629.89,-121006.11
BRI932/02,Nahdi,2025-12,914.0,1599.5,1268.7986577181207,217,323,171,0.53,347091.5,148753.5,409821.97,-106816.53
BRI932/02,Nahdi,2026-01,914.0,1599.5,1199.0,567,270,468,1.73,906916.5,388678.5,323730.0,-108135.0
BRI932/02,Nahdi,2026-02,914.0,1599.5,1249.0,412,320,560,1.75,658994.0,282426.0,399680.0,-112160.0
BRI932/02,Nahdi,2026-03,914.0,1599.5,1199.0,123,246,437,1.78,196738.5,84316.5,294954.0,-98523.0
BRI932/02,Nahdi,2026-04,914.0,1599.5,1209.0,0,248,189,0.76,0.0,0.0,299832.0,-96844.0
BRI932/02,Noon,2025-10,914.0,1599.5,1771.3765957446808,251,375,121,0.32,401474.5,172060.5,664266.22,64453.72
BRI932/02,Noon,2025-11,914.0,1599.5,1023.1747572815534,533,257,397,1.54,852533.5,365371.5,262955.91,-148115.59
BRI932/02,Noon,2025-12,914.0,1599.5,1623.7031578947367,352,259,490,1.89,563024.0,241296.0,420539.12,6268.62
BRI932/02,Noon,2026-01,914.0,1599.5,1604.6064516129034,191,273,408,1.49,305504.5,130930.5,438057.56,1394.06
BRI932/02,Noon,2026-02,914.0,1599.5,1632.2115384615386,406,243,571,2.35,649397.0,278313.0,396627.4,7948.9
BRI932/02,Noon,2026-03,914.0,1599.5,1469.0806451612902,0,245,326,1.33,0.0,0.0,359924.76,-31952.74
BRI932/02,Saco,2025-10,914.0,1599.5,1807.4846808510638,285,267,193,0.72,455857.5,195367.5,482598.41,55531.91
BRI932/02,Saco,2025-11,914.0,1599.5,1352.8383838383838,268,213,248,1.16,428666.0,183714.0,288154.58,-52538.92
BRI932/02,Saco,2025-12,914.0,1599.5,1750.8918918918919,18,205,61,0.3,28791.0,12339.0,358932.84,31035.34
BRI932/02,Saco,2026-01,914.0,1599.5,1824.483870967742,213,186,88,0.47,340693.5,146011.5,339354.0,41847.0
BRI932/02,Saco,2026-02,914.0,1599.5,1762.8461538461538,315,194,209,1.08,503842.5,215932.5,341992.15,31689.15
BRI932/02,Saco,2026-03,914.0,1599.5,1757.7193548387097,94,178,125,0.7,150353.0,64437.0,312874.05,28163.05
BRI932/02,Saco,2026-04,914.0,1599.5,1807.0,455,172,408,2.37,727772.5,311902.5,310804.0,35690.0
BRI937/02,Amazon,2025-10,1004.08,1757.15,2190.622765957447,415,512,13,0.03,729217.25,312524.05,1121598.86,221938.06
BRI937/02,Amazon,2025-11,1004.08,1757.15,1029.5194736842107,311,315,9,0.03,546473.65,234204.77,324298.63,-229203.62
BRI937/02,Amazon,2025-12,1004.08,1757.15,1489.0980392156862,657,306,360,1.18,1154447.55,494766.99,455664.0,-82023.9
BRI937/02,Amazon,2026-01,1004.08,1757.15,1357.0645161290322,356,358,358,1.0,625545.4,268092.92,485829.1,-143230.6
BRI937/02,Amazon,2026-02,1004.08,1757.15,1329.7692307692307,261,350,269,0.77,458616.15,196551.27,465419.23,-149583.27
BRI937/02,Amazon,2026-03,1004.08,1757.15,1215.7935483870967,546,352,463,1.32,959403.9,411176.22,427959.33,-190557.47
BRI937/02,Amazon,2026-04,1004.08,1757.15,999.0,410,311,562,1.81,720431.5,308758.7,310689.0,-235784.65
BRI937/02,Lulu,2025-10,1004.08,1757.15,2122.2851063829785,595,489,272,0.56,1045504.25,448076.65,1037797.42,178551.07
BRI937/02,Nahdi,2025-10,1004.08,1757.15,1770.2748936170212,445,468,89,0.19,781931.75,335116.15,828488.65,6142.45
BRI937/02,Nahdi,2025-11,1004.08,1757.15,1430.578947368421,376,330,135,0.41,660688.4,283154.32,472091.05,-107768.45
BRI937/02,Nahdi,2025-12,1004.08,1757.15,1467.1208053691275,829,383,581,1.52,1456677.35,624295.03,561907.27,-111081.18
BRI937/02,Nahdi,2026-01,1004.08,1757.15,1355.25,10,405,186,0.46,17571.5,7530.7,548876.25,-162769.5
BRI937/02,Nahdi,2026-02,1004.08,1757.15,1347.148148148148,302,391,97,0.25,530659.3,227427.14,526734.93,-160310.72
BRI937/02,Nahdi,2026-03,1004.08,1757.15,1299.0,806,399,504,1.26,1416262.9,606974.42,518301.0,-182801.85
BRI937/02,Nahdi,2026-04,1004.08,1757.15,1339.0,505,356,653,1.83,887360.75,380300.35,476684.0,-148861.4
BRI937/02,Noon,2025-10,1004.08,1757.15,2051.6112765957446,827,607,497,0.82,1453163.05,622788.89,1245328.04,178737.99
BRI937/02,Noon,2025-11,1004.08,1757.15,1221.9455445544554,149,398,248,0.62,261815.35,112207.43,486334.33,-213011.37
BRI937/02,Noon,2025-12,1004.08,1757.15,1618.0705479452054,237,420,65,0.15,416444.55,178477.59,679589.63,-58413.37
BRI937/02,Noon,2026-01,1004.08,1757.15,1791.258064516129,1269,414,920,2.22,2229823.35,955645.83,741580.84,14120.74
BRI937/02,Noon,2026-02,1004.08,1757.15,1924.2403846153845,0,376,544,1.45,0.0,0.0,723514.38,62825.98
BRI937/02,Noon,2026-03,1004.08,1757.15,1758.0416666666667,0,402,142,0.35,0.0,0.0,706732.75,358.45
BRI937/02,Noon,2026-04,1004.08,1757.15,1929.25,986,475,653,1.37,1732549.9,742527.02,916393.75,81747.5
BRI937/02,Saco,2025-10,1004.08,1757.15,2158.757234042553,143,211,46,0.22,251272.45,107689.01,455497.78,84739.13
BRI937/02,Saco,2025-11,1004.08,1757.15,1569.1836734693877,221,145,122,0.84,388330.15,166428.47,227531.63,-27255.12
BRI937/02,Saco,2025-12,1004.08,1757.15,1996.5135135135135,266,159,229,1.44,467401.9,200316.62,317445.65,38058.8
BRI937/02,Saco,2026-01,1004.08,1757.15,2110.8064516129034,239,178,290,1.63,419958.85,179983.73,375723.55,62950.85
BRI937/02,Saco,2026-02,1004.08,1757.15,2285.0,0,167,123,0.74,0.0,0.0,381595.0,88150.95
BRI937/02,Saco,2026-03,1004.08,1757.15,2262.8870967741937,112,172,63,0.37,196800.8,84343.84,389216.58,86986.78
BRI937/02,Saco,2026-04,1004.08,1757.15,2142.6,277,148,192,1.3,486730.55,208600.39,317104.8,57046.6
BRI938/02,Extra,2025-10,915.6,1602.3,1643.7495348837208,144,393,27,0.07,230731.2,98884.8,645993.57,16289.67
BRI938/02,Extra,2025-11,915.6,1602.3,1375.2105263157894,659,260,426,1.64,1055915.7,452535.3,357554.74,-59043.26
BRI938/02,Extra,2025-12,915.6,1602.3,1499.778523489933,156,303,279,0.92,249958.8,107125.2,454432.89,-31064.01
BRI938/02,Extra,2026-01,915.6,1602.3,2108.3548387096776,472,286,465,1.63,756285.6,324122.4,602989.48,144731.68
BRI938/02,Extra,2026-02,915.6,1602.3,2289.0,93,250,308,1.23,149013.9,63863.1,572250.0,171675.0
BRI938/02,Extra,2026-03,915.6,1602.3,2178.6451612903224,523,239,592,2.48,838002.9,359144.1,520696.19,137746.49
BRI938/02,Extra,2026-04,915.6,1602.3,2060.0,0,237,355,1.5,0.0,0.0,488220.0,108474.9
BRI984/02,Amazon,2025-10,1151.34,2014.84,2342.558085106383,626,430,484,1.13,1261289.84,540551.0,1007299.98,140918.78
BRI984/02,Amazon,2025-11,1151.34,2014.84,1613.9122807017543,467,294,657,2.23,940930.28,403254.5,474490.21,-117872.75
BRI984/02,Amazon,2025-12,1151.34,2014.84,1679.1801801801803,39,331,365,1.1,78578.76,33676.5,555808.64,-111103.4
BRI984/02,Amazon,2026-01,1151.34,2014.84,1485.3636363636363,686,317,734,2.32,1382180.24,592361.0,470860.27,-167844.01
BRI984/02,Amazon,2026-03,1151.34,2014.84,1449.0,0,294,440,1.5,0.0,0.0,426006.0,-166356.96
BRI984/02,Amazon,2026-04,1151.34,2014.84,1485.0,18,283,175,0.62,36267.12,15543.0,420255.0,-149944.72
BRI984/02,Extra,2025-10,1151.34,2014.84,1899.8046511627908,70,262,20,0.08,141038.8,60445.0,497748.82,-30139.26
BRI984/02,Extra,2025-11,1151.34,2014.84,1726.1052631578948,400,235,185,0.79,805936.0,345400.0,405634.74,-67852.66
BRI984/02,Extra,2025-12,1151.34,2014.84,1796.986577181208,289,195,279,1.43,582288.76,249551.5,350412.38,-42481.42
BRI984/02,Extra,2026-01,1151.34,2014.84,2059.8387096774195,99,221,157,0.71,199469.16,85486.5,455224.35,9944.71
BRI984/02,Extra,2026-02,1151.34,2014.84,2139.0,169,231,95,0.41,340507.96,145931.5,494109.0,28680.96
BRI984/02,Extra,2026-03,1151.34,2014.84,2027.0645161290322,379,219,255,1.16,763624.36,327266.5,443927.13,2677.17
BRI984/02,Extra,2026-04,1151.34,2014.84,1962.3333333333333,206,234,227,0.97,415057.04,177881.0,459186.0,-12286.56
BRI984/02,Nahdi,2025-10,1151.34,2014.84,1896.9093617021279,199,218,83,0.38,400953.16,171836.5,413526.24,-25708.88
BRI984/02,Nahdi,2025-11,1151.34,2014.84,1704.2631578947369,391,182,292,1.6,787802.44,337628.5,310175.89,-56524.99
BRI984/02,Nahdi,2025-12,1151.34,2014.84,1707.724832214765,189,142,339,2.39,380804.76,163201.5,242496.93,-43610.35
BRI984/02,Nahdi,2026-01,1151.34,2014.84,1476.4193548387098,0,141,198,1.4,0.0,0.0,208175.13,-75917.31
BRI984/02,Nahdi,2026-02,1151.34,2014.84,1497.148148148148,163,167,194,1.16,328418.92,140750.5,250023.74,-86454.54
BRI984/02,Nahdi,2026-03,1151.34,2014.84,1449.0,234,181,247,1.36,471472.56,202059.0,262269.0,-102417.04
BRI984/02,Nahdi,2026-04,1151.34,2014.84,1485.0,0,175,72,0.41,0.0,0.0,259875.0,-92722.0
BRI984/02,Noon,2025-10,1151.34,2014.84,2238.495106382979,393,337,172,0.51,791832.12,339355.5,754372.85,75371.77
BRI984/02,Noon,2025-11,1151.34,2014.84,2097.1,151,256,67,0.26,304240.84,130388.5,536857.6,21058.56
BRI984/02,Noon,2025-12,1151.34,2014.84,2172.2085714285713,606,309,364,1.18,1220993.04,523281.0,671212.45,48626.89
BRI984/02,Noon,2026-02,1151.34,2014.84,2097.1,86,254,196,0.77,173276.24,74261.0,532663.4,20894.04
BRI984/02,Noon,2026-04,1151.34,2014.84,2097.1,204,297,103,0.35,411027.36,176154.0,622838.7,24431.22
BRI984/02,Saco,2025-10,1151.34,2014.84,2285.7955319148937,278,293,221,0.75,560125.52,240053.0,669738.09,79389.97
BRI984/02,Saco,2025-11,1151.34,2014.84,2008.3877551020407,95,189,127,0.67,191409.8,82032.5,379585.29,-1219.47
BRI984/02,Saco,2025-12,1151.34,2014.84,2208.3154362416108,76,183,20,0.11,153127.84,65626.0,404121.72,35406.0
BRI984/02,Saco,2026-01,1151.34,2014.84,2329.8125,226,187,59,0.32,455353.84,195151.0,435674.94,58899.86
BRI984/02,Saco,2026-02,1151.34,2014.84,2485.0,510,174,395,2.27,1027568.4,440385.0,432390.0,81807.84
BRI984/02,Saco,2026-03,1151.34,2014.84,2460.951612903226,12,212,195,0.92,24178.08,10362.0,521721.74,94575.66
BRI984/02,Saco,2026-04,1151.34,2014.84,2070.6,60,187,68,0.36,120890.4,51810.0,387202.2,10427.12
BRR454/00,Amazon,2025-10,59.81,104.67,129.4876595744681,218,406,12,0.03,22818.06,9779.48,52571.99,10075.97
BRR454/00,Amazon,2025-11,59.81,104.67,99.0,322,226,108,0.48,33703.74,14444.92,22374.0,-1281.42
BRR454/00,Amazon,2026-01,59.81,104.67,100.465,521,294,335,1.14,54533.07,23372.06,29536.71,-1236.27
BRR454/00,Amazon,2026-02,59.81,104.67,99.36111111111111,247,252,330,1.31,25853.49,11080.42,25039.0,-1337.84
BRR454/00,Amazon,2026-03,59.81,104.67,97.54032258064517,400,222,508,2.29,41868.0,17944.0,21653.95,-1582.79
BRR454/00,Amazon,2026-04,59.81,104.67,99.0,36,221,323,1.46,3768.12,1614.96,21879.0,-1253.07
BRR454/00,Dawa,2025-10,59.81,104.67,116.53914893617022,1058,622,671,1.08,110740.86,47461.88,72487.35,7382.61
BRR454/00,Extra,2025-10,59.81,104.67,96.18651162790697,369,637,14,0.02,38623.23,16553.34,61270.81,-5403.98
BRR454/00,Extra,2025-11,59.81,104.67,102.02631578947368,1214,473,755,1.6,127069.38,54460.04,48258.45,-1250.46
BRR454/00,Extra,2025-12,59.81,104.67,111.67785234899328,245,382,618,1.62,25644.15,10990.7,42660.94,2677.0
BRR454/00,Extra,2026-01,59.81,104.67,123.96774193548387,0,373,245,0.66,0.0,0.0,46239.97,7198.06
BRR454/00,Extra,2026-02,59.81,104.67,118.38461538461539,289,434,100,0.23,30249.63,12964.54,51378.92,5952.14
BRR454/00,Extra,2026-03,59.81,104.67,122.2258064516129,1123,419,804,1.92,117544.41,50377.78,51212.61,7355.88
BRR454/00,Extra,2026-04,59.81,104.67,122.0,0,428,376,0.88,0.0,0.0,52216.0,7417.24
BRR454/00,Lulu,2025-10,59.81,104.67,125.66234042553192,521,546,262,0.48,54533.07,23372.06,68611.64,11461.82
BRR454/00,Noon,2025-10,59.81,104.67,125.13404255319149,128,347,31,0.09,13397.76,5742.08,43421.51,7101.02
BRR454/00,Noon,2025-11,59.81,104.67,99.83035714285714,384,243,172,0.71,40193.28,17226.24,24258.78,-1176.03
BRR454/00,Noon,2025-12,59.81,104.67,90.59026845637584,371,233,310,1.33,38832.57,16643.06,21107.53,-3280.58
BRR454/00,Noon,2026-01,59.81,104.67,100.89032258064516,0,205,105,0.51,0.0,0.0,20682.52,-774.83
BRR454/00,Noon,2026-02,59.81,104.67,100.904,301,209,197,0.94,31505.67,13502.86,21088.94,-787.09
BRR454/00,Noon,2026-03,59.81,104.67,98.00161290322582,399,217,379,1.75,41763.33,17899.14,21266.35,-1447.04
BRR454/00,Noon,2026-04,59.81,104.67,99.0,94,236,237,1.0,9838.98,4216.84,23364.0,-1338.12
BRR454/00,Saco,2025-10,59.81,104.67,126.90893617021277,482,405,276,0.68,50450.94,21622.52,51398.12,9006.77
BRR454/00,Saco,2025-11,59.81,104.67,112.9090909090909,558,320,514,1.61,58405.86,25031.88,36130.91,2636.51
BRR454/00,Saco,2025-12,59.81,104.67,124.86486486486487,144,287,371,1.29,15072.48,6459.84,35836.22,5795.93
BRR454/00,Saco,2026-01,59.81,104.67,127.9090909090909,212,329,254,0.77,22190.04,9510.32,42082.09,7645.66
BRR454/00,Saco,2026-02,59.81,104.67,128.11111111111111,141,367,28,0.08,14758.47,6325.26,47016.78,8602.89
BRR454/00,Saco,2026-03,59.81,104.67,130.8709677419355,329,355,2,0.01,34436.43,14758.94,46459.19,9301.34
BRR454/00,Saco,2026-04,59.81,104.67,128.93333333333334,860,301,561,1.86,90016.2,38579.6,38808.93,7303.26
BRT383/15,Amazon,2025-10,73.44,128.53,161.10531914893616,875,697,311,0.45,112463.75,48203.75,112290.41,22705.0
BRT383/15,Amazon,2025-11,73.44,128.53,119.0,572,452,431,0.95,73519.16,31511.48,53788.0,-4307.56
BRT383/15,Amazon,2025-12,73.44,128.53,114.41718120805369,656,367,720,1.96,84315.68,36139.04,41991.11,-5179.4
BRT383/15,Amazon,2026-01,73.44,128.53,133.11888888888888,624,398,946,2.38,80202.72,34376.16,52981.32,1826.38
BRT383/15,Amazon,2026-02,73.44,128.53,106.01,0,399,547,1.37,0.0,0.0,42297.99,-8985.48
BRT383/15,Amazon,2026-03,73.44,128.53,136.89333333333335,332,374,505,1.35,42671.96,18289.88,51198.11,3127.89
BRT383/15,Amazon,2026-04,73.44,128.53,129.0,774,489,790,1.62,99482.22,42639.66,63081.0,229.83
BRT383/15,Dawa,2025-10,73.44,128.53,144.05234042553192,148,300,70,0.23,19022.44,8153.32,43215.7,4656.7
BRT383/15,Dawa,2025-11,73.44,128.53,119.39018018018018,178,239,9,0.04,22878.34,9806.02,28534.25,-2184.42
BRT383/15,Dawa,2025-12,73.44,128.53,134.83172661870503,253,202,60,0.3,32518.09,13937.77,27236.01,1272.95
BRT383/15,Dawa,2026-01,73.44,128.53,128.40866666666668,361,189,232,1.23,46399.33,19887.49,24269.24,-22.93
BRT383/15,Dawa,2026-02,73.44,128.53,133.22368421052633,283,211,304,1.44,36373.99,15590.47,28110.2,990.37
BRT383/15,Dawa,2026-03,73.44,128.53,129.12,85,188,201,1.07,10925.05,4682.65,24274.56,110.92
BRT383/15,Dawa,2026-04,73.44,128.53,145.74,112,212,101,0.48,14395.36,6170.08,30896.88,3648.52
BRT383/15,Extra,2025-10,73.44,128.53,127.16372093023256,214,339,101,0.3,27505.42,11789.26,43108.5,-463.17
BRT383/15,Extra,2025-11,73.44,128.53,119.0,222,216,107,0.5,28533.66,12229.98,25704.0,-2058.48
BRT383/15,Extra,2025-12,73.44,128.53,131.751677852349,246,222,131,0.59,31618.38,13552.14,29248.87,715.21
BRT383/15,Extra,2026-01,73.44,128.53,139.6451612903226,120,192,59,0.31,15423.6,6610.8,26811.87,2134.11
BRT383/15,Extra,2026-02,73.44,128.53,127.0,383,185,257,1.39,49226.99,21099.47,23495.0,-283.05
BRT383/15,Extra,2026-03,73.44,128.53,125.45161290322581,0,189,68,0.36,0.0,0.0,23710.35,-581.82
BRT383/15,Extra,2026-04,73.44,128.53,127.93333333333334,405,221,252,1.14,52054.65,22311.45,28273.27,-131.86
BRT383/15,Lulu,2025-10,73.44,128.53,152.86063829787233,495,336,341,1.01,63622.35,27269.55,51361.17,8175.09
BRT383/15,Lulu,2025-11,73.44,128.53,127.35714285714286,517,260,598,2.3,66450.01,28481.53,33112.86,-304.94
BRT383/15,Lulu,2025-12,73.44,128.53,159.91275167785236,167,274,491,1.79,21464.51,9200.03,43816.09,8598.87
BRT383/15,Lulu,2026-01,73.44,128.53,141.96774193548387,124,261,354,1.36,15937.72,6831.16,37053.58,3507.25
BRT383/15,Lulu,2026-02,73.44,128.53,127.0,376,243,487,2.0,48327.28,20713.84,30861.0,-371.79
BRT383/15,Lulu,2026-03,73.44,128.53,126.86666666666666,0,251,236,0.94,0.0,0.0,31843.53,-417.5
BRT383/15,Lulu,2026-04,73.44,128.53,129.0,350,305,281,0.92,44985.5,19281.5,39345.0,143.35
BRT383/15,Noon,2025-10,73.44,128.53,153.87148936170212,771,580,437,0.75,99096.63,42474.39,89245.46,14698.06
BRT383/15,Noon,2025-11,73.44,128.53,119.0,197,388,246,0.63,25320.41,10852.73,46172.0,-3697.64
BRT383/15,Noon,2025-12,73.44,128.53,133.6153846153846,360,332,274,0.83,46270.8,19832.4,44360.31,1688.35
BRT383/15,Noon,2026-01,73.44,128.53,145.57142857142858,940,446,768,1.72,120818.2,51784.6,64924.86,7600.48
BRT383/15,Noon,2026-04,73.44,128.53,159.05,539,409,898,2.2,69277.67,29693.51,65051.45,12482.68
BT3208/13,Amazon,2025-10,69.79,122.14,149.63340425531916,293,260,215,0.83,35787.02,15338.55,38904.69,7148.29
BT3208/13,Amazon,2025-11,69.79,122.14,78.29824561403508,441,223,433,1.94,53863.74,23086.35,17460.51,-9776.71
BT3208/13,Amazon,2025-12,69.79,122.14,89.70161290322581,0,185,248,1.34,0.0,0.0,16594.8,-6001.1
BT3208/13,Amazon,2026-01,69.79,122.14,91.0,3,202,49,0.24,366.42,157.05,18382.0,-6290.28
BT3208/13,Amazon,2026-02,69.79,122.14,79.75,370,208,211,1.01,45191.8,19369.5,16588.0,-8817.12
BT3208/13,Extra,2025-10,69.79,122.14,108.47930232558139,0,124,86,0.69,0.0,0.0,13451.43,-1693.93
BT3208/13,Extra,2025-11,69.79,122.14,84.43859649122807,142,113,115,1.02,17343.88,7433.7,9541.56,-4260.26
BT3208/13,Extra,2025-12,69.79,122.14,91.21476510067114,37,106,46,0.43,4519.18,1936.95,9668.77,-3278.07
BT3208/13,Extra,2026-01,69.79,122.14,92.2258064516129,183,101,128,1.27,22351.62,9580.05,9314.81,-3021.33
BT3208/13,Extra,2026-02,69.79,122.14,81.0,141,90,179,1.99,17221.74,7381.35,7290.0,-3702.6
BT3208/13,Extra,2026-03,69.79,122.14,80.0,84,86,177,2.06,10259.76,4397.4,6880.0,-3624.04
BT3208/13,Extra,2026-04,69.79,122.14,80.0,0,94,83,0.88,0.0,0.0,7520.0,-3961.16
BT3208/13,Lulu,2025-10,69.79,122.14,144.42063829787233,366,648,14,0.02,44703.24,19160.1,93584.57,14437.85
BT3208/13,Lulu,2025-11,69.79,122.14,160.0,657,407,264,0.65,80245.98,34393.95,65120.0,15409.02
BT3208/13,Lulu,2025-12,69.79,122.14,160.0,643,443,464,1.05,78536.02,33661.05,70880.0,16771.98
BT3208/13,Lulu,2026-01,69.79,122.14,160.0,322,467,319,0.68,39329.08,16856.7,74720.0,17680.62
BT3208/13,Lulu,2026-02,69.79,122.14,160.0,812,386,745,1.93,99177.68,42508.2,61760.0,14613.96
BT3208/13,Lulu,2026-03,69.79,122.14,160.0,0,462,283,0.61,0.0,0.0,73920.0,17491.32
BT3208/13,Lulu,2026-04,69.79,122.14,160.0,499,384,398,1.04,60947.86,26122.65,61440.0,14538.24
BT3208/13,Noon,2025-10,69.79,122.14,140.628085106383,226,315,18,0.06,27603.64,11831.1,44297.85,5823.75
BT3208/13,Noon,2025-11,69.79,122.14,82.67567567567568,324,200,142,0.71,39573.36,16961.4,16535.14,-7892.86
BT3208/13,Noon,2025-12,69.79,122.14,90.85402684563758,198,180,160,0.89,24183.72,10365.3,16353.72,-5631.48
BT3208/13,Noon,2026-01,69.79,122.14,90.65483870967742,295,191,264,1.38,36031.3,15443.25,17315.07,-6013.67
BT3208/13,Noon,2026-02,69.79,122.14,93.5,93,196,161,0.82,11359.02,4868.55,18326.0,-5613.44
BT3208/13,Noon,2026-03,69.79,122.14,97.53225806451613,272,217,216,1.0,33222.08,14239.2,21164.5,-5339.88
BT3208/13,Noon,2026-04,69.79,122.14,117.43666666666667,129,216,129,0.6,15756.06,6753.15,25366.32,-1015.92
BT3208/13,Saco,2025-10,69.79,122.14,146.3559574468085,266,508,6,0.01,32489.24,13925.1,74348.83,12301.71
BT3208/13,Saco,2025-11,69.79,122.14,97.0,917,315,608,1.93,112002.38,48004.95,30555.0,-7919.1
BT3208/13,Saco,2025-12,69.79,122.14,125.78378378378379,23,320,311,0.97,2809.22,1204.05,40250.81,1166.01
BT3208/13,Saco,2026-01,69.79,122.14,133.93548387096774,348,313,346,1.11,42504.72,18217.8,41921.81,3691.99
BT3208/13,Saco,2026-02,69.79,122.14,94.38461538461539,445,365,426,1.17,54352.3,23295.75,34450.38,-10130.72
BT3208/13,Saco,2026-03,69.79,122.14,151.25806451612902,509,398,537,1.35,62169.26,26646.15,60200.71,11588.99
BT3208/13,Saco,2026-04,69.79,122.14,135.0,16,350,203,0.58,1954.24,837.6,47250.0,4501.0
BT3232/15,Extra,2025-10,100.68,176.19,154.85558139534885,188,274,203,0.74,33123.72,14195.88,42430.43,-5845.63
BT3232/15,Extra,2025-11,100.68,176.19,135.49122807017545,158,221,140,0.63,27838.02,11930.58,29943.56,-8994.43
BT3232/15,Extra,2025-12,100.68,176.19,141.19463087248323,140,238,42,0.18,24666.6,10571.4,33604.32,-8328.9
BT3232/15,Extra,2026-01,100.68,176.19,143.2258064516129,344,233,153,0.66,60609.36,25975.44,33371.61,-7680.66
BT3232/15,Extra,2026-02,100.68,176.19,116.76923076923077,204,242,115,0.48,35942.76,15404.04,28258.15,-14379.83
BT3232/15,Extra,2026-03,100.68,176.19,115.0,471,203,383,1.89,82985.49,35565.21,23345.0,-12421.57
BT3232/15,Extra,2026-04,100.68,176.19,115.0,36,197,222,1.13,6342.84,2718.36,22655.0,-12054.43
BT3232/15,Lulu,2025-10,100.68,176.19,210.9063829787234,655,597,179,0.3,115404.45,49459.05,125911.11,20725.68
BT3232/15,Lulu,2025-11,100.68,176.19,149.72321428571428,541,396,324,0.82,95318.79,40850.91,59290.39,-10480.85
BT3232/15,Lulu,2025-12,100.68,176.19,148.49664429530202,163,356,131,0.37,28718.97,12308.13,52864.81,-9858.83
BT3232/15,Lulu,2026-01,100.68,176.19,143.75,439,405,165,0.41,77347.41,33148.89,58218.75,-13138.2
BT3232/15,Lulu,2026-02,100.68,176.19,230.0,560,413,312,0.76,98666.4,42285.6,94990.0,22223.53
BT3232/15,Lulu,2026-03,100.68,176.19,230.0,1004,391,925,2.37,176894.76,75812.04,89930.0,21039.71
BT3232/15,Lulu,2026-04,100.68,176.19,230.0,0,399,526,1.32,0.0,0.0,91770.0,21470.19
BT3232/15,Nahdi,2025-10,100.68,176.19,180.5036170212766,121,220,89,0.4,21318.99,9136.71,39710.8,949.0
BT3232/15,Nahdi,2025-11,100.68,176.19,114.46710526315789,230,163,156,0.96,40523.7,17367.3,18658.14,-10060.83
BT3232/15,Nahdi,2025-12,100.68,176.19,123.65469798657718,192,162,186,1.15,33828.48,14497.92,20032.06,-8510.72
BT3232/15,Nahdi,2026-01,100.68,176.19,108.546875,44,178,52,0.29,7752.36,3322.44,19321.34,-12040.48
BT3232/15,Nahdi,2026-02,100.68,176.19,118.51346153846154,421,177,296,1.67,74175.99,31789.71,20976.88,-10208.75
BT3232/15,Nahdi,2026-03,100.68,176.19,99.95,0,177,119,0.67,0.0,0.0,17691.15,-13494.48
BT3232/15,Nahdi,2026-04,100.68,176.19,105.02,296,137,278,2.03,52152.24,22350.96,14387.74,-9750.29
BT3232/15,Noon,2025-10,100.68,176.19,208.09893617021277,706,518,364,0.7,124390.14,53310.06,107795.25,16528.83
BT3232/15,Noon,2025-11,100.68,176.19,132.50877192982455,501,366,499,1.36,88271.19,37830.51,48498.21,-15987.33
BT3232/15,Noon,2025-12,100.68,176.19,142.51510067114094,0,358,141,0.39,0.0,0.0,51020.41,-12055.61
BT3232/15,Noon,2026-01,100.68,176.19,139.21290322580646,744,366,519,1.42,131085.36,56179.44,50951.92,-13533.62
BT3232/15,Noon,2026-02,100.68,176.19,125.05833333333334,527,374,672,1.8,92852.13,39793.77,46771.82,-19123.24
BT3232/15,Noon,2026-03,100.68,176.19,127.0,80,337,415,1.23,14095.2,6040.8,42799.0,-16577.03
BT3232/15,Noon,2026-04,100.68,176.19,142.3,167,340,242,0.71,29423.73,12610.17,48382.0,-11522.6
BT3232/15,Saco,2025-10,100.68,176.19,215.25617021276597,232,412,5,0.01,40876.08,17518.32,88685.54,16095.26
BT3232/15,Saco,2025-11,100.68,176.19,138.59595959595958,999,316,688,2.18,176013.81,75434.49,43796.32,-11879.72
BT3232/15,Saco,2025-12,100.68,176.19,153.29530201342283,0,342,346,1.01,0.0,0.0,52426.99,-7829.99
BT3232/15,Saco,2026-01,100.68,176.19,150.46875,223,355,214,0.6,39290.37,16838.73,53416.41,-9131.04
BT3232/15,Saco,2026-02,100.68,176.19,185.15384615384616,771,300,685,2.28,135842.49,58218.21,55546.15,2689.15
BT3232/15,Saco,2026-03,100.68,176.19,229.0,230,292,623,2.13,40523.7,17367.3,66868.0,15420.52
BT3232/15,Saco,2026-04,100.68,176.19,229.0,249,344,528,1.53,43871.31,18801.99,78776.0,18166.64
BT5502/13,Amazon,2025-10,147.28,257.73,328.4210638297873,245,261,102,0.39,63143.85,27060.25,85717.9,18450.37
BT5502/13,Amazon,2025-11,147.28,257.73,199.0,265,218,149,0.68,68298.45,29269.25,43382.0,-12803.14
BT5502/13,Amazon,2026-02,147.28,257.73,280.81,332,208,273,1.31,85566.36,36669.4,58408.48,4800.64
BT5502/13,Amazon,2026-04,147.28,257.73,251.245,38,218,93,0.43,9793.74,4197.1,54771.41,-1413.73
BT5502/13,Extra,2025-10,147.28,257.73,229.42325581395352,434,564,48,0.09,111854.82,47935.3,129394.72,-15965.0
BT5502/13,Extra,2025-11,147.28,257.73,194.39473684210526,898,479,467,0.97,231441.54,99184.1,93115.08,-30337.59
BT5502/13,Extra,2025-12,147.28,257.73,201.71812080536913,665,481,651,1.35,171390.45,73449.25,97026.42,-26941.71
BT5502/13,Extra,2026-01,147.28,257.73,202.8709677419355,671,551,771,1.4,172936.83,74111.95,111781.9,-30227.33
BT5502/13,Extra,2026-02,147.28,257.73,163.30769230769232,0,497,274,0.55,0.0,0.0,81163.92,-46927.89
BT5502/13,Extra,2026-03,147.28,257.73,167.0,463,529,208,0.39,119328.99,51138.35,88343.0,-47996.17
BT5502/13,Extra,2026-04,147.28,257.73,167.0,1219,436,991,2.27,314172.87,134638.55,72812.0,-39558.28
BT5502/13,Lulu,2025-10,147.28,257.73,310.53595744680854,142,235,102,0.43,36597.66,15683.9,72975.95,12409.4
BT5502/13,Lulu,2025-11,147.28,257.73,219.04464285714286,299,214,187,0.87,77061.27,33024.55,46875.55,-8278.67
BT5502/13,Lulu,2025-12,147.28,257.73,213.63087248322148,137,175,149,0.85,35309.01,15131.65,37385.4,-7717.35
BT5502/13,Lulu,2026-01,147.28,257.73,206.83870967741936,280,201,228,1.13,72164.4,30926.0,41574.58,-10229.15
BT5502/13,Lulu,2026-02,147.28,257.73,335.0,123,208,143,0.69,31700.79,13585.35,69680.0,16072.16
BT5502/13,Lulu,2026-03,147.28,257.73,335.0,393,208,328,1.58,101287.89,43406.85,69680.0,16072.16
BT5502/13,Lulu,2026-04,147.28,257.73,335.0,106,173,261,1.51,27319.38,11707.7,57955.0,13367.71
BT5502/13,Nahdi,2025-10,147.28,257.73,250.31063829787234,67,164,22,0.13,17267.91,7400.15,41050.94,-1216.78
BT5502/13,Nahdi,2025-11,147.28,257.73,217.7732456140351,363,142,243,1.71,93555.99,40093.35,30923.8,-5673.86
BT5502/13,Nahdi,2025-12,147.28,257.73,236.02812080536916,0,122,121,0.99,0.0,0.0,28795.43,-2647.63
BT5502/13,Nahdi,2026-01,147.28,257.73,213.4075,116,144,93,0.65,29896.68,12812.2,30730.68,-6382.44
BT5502/13,Nahdi,2026-02,147.28,257.73,227.5853846153846,80,146,27,0.18,20618.4,8836.0,33227.47,-4401.11
BT5502/13,Nahdi,2026-03,147.28,257.73,189.95,263,156,134,0.86,67782.99,29048.35,29632.2,-10573.68
BT5502/13,Nahdi,2026-04,147.28,257.73,199.83399999999997,136,124,146,1.18,35051.28,15021.2,24779.42,-7179.1
BT5502/13,Noon,2025-10,147.28,257.73,296.31787234042554,0,89,176,1.98,0.0,0.0,26372.29,3434.32
BT5502/13,Noon,2025-11,147.28,257.73,190.32743362831857,0,64,112,1.75,0.0,0.0,12180.96,-4313.76
BT5502/13,Noon,2025-12,147.28,257.73,188.0,56,61,107,1.75,14432.88,6185.2,11468.0,-4253.53
BT5502/13,Noon,2026-01,147.28,257.73,193.06451612903226,40,56,91,1.62,10309.2,4418.0,10811.61,-3621.27
BT5502/13,Noon,2026-02,147.28,257.73,187.675,9,68,32,0.47,2319.57,994.05,12761.9,-4763.74
BT5502/13,Noon,2026-03,147.28,257.73,203.96875,148,58,122,2.1,38144.04,16346.6,11830.19,-3118.15
BT5502/13,Noon,2026-04,147.28,257.73,335.0,0,61,61,1.0,0.0,0.0,20435.0,4713.47
BT5502/13,Saco,2025-10,147.28,257.73,314.8812765957447,1100,488,781,1.6,283503.0,121495.0,153662.06,27889.82
BT5502/13,Saco,2025-11,147.28,257.73,205.12121212121212,376,483,674,1.4,96906.48,41529.2,99073.55,-25410.04
BT5502/13,Saco,2025-12,147.28,257.73,246.7718120805369,0,478,196,0.41,0.0,0.0,117956.93,-5238.01
BT5502/13,Saco,2026-01,147.28,257.73,303.875,328,474,50,0.11,84535.44,36227.6,144036.75,21872.73
BT5502/13,Saco,2026-02,147.28,257.73,202.77777777777777,773,416,407,0.98,199225.29,85377.85,84355.56,-22860.12
BT5502/13,Saco,2026-03,147.28,257.73,318.5483870967742,19,399,27,0.07,4896.87,2098.55,127100.81,24266.54
BT5502/13,Saco,2026-04,147.28,257.73,313.8,934,461,500,1.08,240719.82,103160.3,144661.8,25848.27
BT9810/13,Amazon,2025-10,302.12,528.71,639.6155319148936,524,467,332,0.71,277044.04,118733.16,298700.45,51792.88
BT9810/13,Amazon,2025-11,302.12,528.71,398.75480000000005,164,298,198,0.66,86708.44,37160.76,118828.93,-38726.65
BT9810/13,Amazon,2025-12,302.12,528.71,409.3424324324324,538,348,388,1.11,284445.98,121905.42,142451.17,-41539.91
BT9810/13,Amazon,2026-01,302.12,528.71,407.5,226,378,236,0.62,119488.46,51209.34,154035.0,-45817.38
BT9810/13,Amazon,2026-02,302.12,528.71,341.4,677,354,559,1.58,357936.67,153401.43,120855.6,-66307.74
BT9810/13,Amazon,2026-03,302.12,528.71,466.25,0,354,205,0.58,0.0,0.0,165052.5,-22110.84
BT9810/13,Amazon,2026-04,302.12,528.71,461.4857142857143,832,374,663,1.77,439886.72,188522.88,172595.66,-25141.88
BT9810/13,Extra,2025-10,302.12,528.71,458.88441860465116,95,263,130,0.49,50227.45,21526.05,120686.6,-18364.13
BT9810/13,Extra,2025-11,302.12,528.71,404.2543859649123,146,210,66,0.31,77191.66,33082.14,84893.42,-26135.68
BT9810/13,Extra,2025-12,302.12,528.71,409.6979865771812,574,235,405,1.72,303479.54,130062.66,96279.03,-27967.82
BT9810/13,Extra,2026-01,302.12,528.71,419.0,201,185,421,2.28,106270.71,45544.59,77515.0,-20296.35
BT9810/13,Extra,2026-02,302.12,528.71,347.5925925925926,0,218,203,0.93,0.0,0.0,75775.19,-39483.59
BT9810/13,Extra,2026-03,302.12,528.71,343.0,429,211,421,2.0,226816.59,97207.11,72373.0,-39184.81
BT9810/13,Extra,2026-04,302.12,528.71,343.0,21,211,231,1.09,11102.91,4758.39,72373.0,-39184.81
BT9810/13,Lulu,2025-10,302.12,528.71,626.7089361702127,8,140,108,0.77,4229.68,1812.72,87739.25,13719.85
BT9810/13,Noon,2025-10,302.12,528.71,630.0851063829788,223,364,15,0.04,117902.33,50529.57,229350.98,36900.54
BT9810/13,Noon,2025-11,302.12,528.71,398.46902654867256,545,247,313,1.27,288146.95,123491.55,98421.85,-32169.52
BT9810/13,Noon,2025-12,302.12,528.71,382.4256756756757,302,197,418,2.12,159670.42,68430.18,75337.86,-28818.01
BT9810/13,Noon,2026-01,302.12,528.71,414.59032258064514,195,251,362,1.44,103098.45,44185.05,104062.17,-28644.04
BT9810/13,Noon,2026-02,302.12,528.71,369.46153846153845,0,209,153,0.73,0.0,0.0,77217.46,-33282.93
BT9810/13,Noon,2026-03,302.12,528.71,442.58620689655174,416,219,350,1.6,219943.36,94261.44,96926.38,-18861.11
BT9810/13,Noon,2026-04,302.12,528.71,475.23999999999995,0,225,125,0.56,0.0,0.0,106929.0,-12030.75
BT9810/13,Saco,2025-10,302.12,528.71,630.8853191489362,0,89,36,0.4,0.0,0.0,56148.79,9093.6
BT9810/13,Saco,2025-11,302.12,528.71,437.7171717171717,139,61,114,1.87,73490.69,31496.01,26700.75,-5550.56
BT9810/13,Saco,2025-12,302.12,528.71,479.56756756756755,16,71,59,0.83,8459.36,3625.44,34049.3,-3489.11
BT9810/13,Saco,2026-01,302.12,528.71,523.25,38,67,30,0.45,20090.98,8610.42,35057.75,-365.82
BT9810/13,Saco,2026-02,302.12,528.71,406.3076923076923,140,65,105,1.62,74019.4,31722.6,26410.0,-7956.15
BT9810/13,Saco,2026-03,302.12,528.71,655.1290322580645,22,54,73,1.35,11631.62,4984.98,35376.97,6826.63
BT9810/13,Saco,2026-04,302.12,528.71,599.0,67,70,70,1.0,35423.57,15181.53,41930.0,4920.3
HC3100/13,Amazon,2025-10,65.97,115.45,140.04978723404255,755,491,381,0.78,87164.75,37357.4,68764.45,12078.5
HC3100/13,Amazon,2025-11,65.97,115.45,68.58181818181818,153,339,195,0.58,17663.85,7570.44,23249.24,-15888.31
HC3100/13,Amazon,2025-12,65.97,115.45,73.05263157894737,277,266,206,0.77,31979.65,13705.96,19432.0,-11277.7
HC3100/13,Amazon,2026-01,65.97,115.45,73.19800000000001,125,271,60,0.22,14431.25,6185.0,19836.66,-11450.29
HC3100/13,Amazon,2026-02,65.97,115.45,73.0,446,287,219,0.76,51490.7,22068.08,20951.0,-12183.15
HC3100/13,Amazon,2026-04,65.97,115.45,70.0,345,278,286,1.03,39830.25,17070.6,19460.0,-12635.1
HC3100/13,Lulu,2025-10,65.97,115.45,137.81382352941176,34,246,32,0.13,3925.3,1682.32,33902.2,5501.5
HC3100/13,Nahdi,2025-10,65.97,115.45,117.31744680851064,181,342,24,0.07,20896.45,8955.88,40122.57,638.67
HC3100/13,Nahdi,2025-11,65.97,115.45,110.87921052631579,270,215,79,0.37,31171.5,13359.6,23839.03,-982.72
HC3100/13,Nahdi,2025-12,65.97,115.45,110.25214765100671,331,185,225,1.22,38213.95,16377.88,20396.65,-961.6
HC3100/13,Nahdi,2026-01,65.97,115.45,99.5525806451613,238,203,260,1.28,27477.1,11776.24,20209.17,-3227.18
HC3100/13,Nahdi,2026-02,65.97,115.45,97.53153846153847,51,187,124,0.66,5887.95,2523.48,18238.4,-3350.75
HC3100/13,Nahdi,2026-03,65.97,115.45,79.95,612,187,549,2.94,70655.4,30281.76,14950.65,-6638.5
HC3100/13,Nahdi,2026-04,65.97,115.45,83.06,0,202,347,1.72,0.0,0.0,16778.12,-6542.78
HC3100/13,Noon,2025-10,65.97,115.45,137.18829787234043,887,510,484,0.95,102404.15,43888.76,69966.03,11086.53
HC3100/13,Noon,2025-11,65.97,115.45,68.4054054054054,753,425,812,1.91,86933.85,37258.44,29072.3,-19993.95
HC3100/13,Noon,2025-12,65.97,115.45,69.76375838926174,0,447,365,0.82,0.0,0.0,31184.4,-20421.75
HC3100/13,Noon,2026-01,65.97,115.45,77.90322580645162,365,376,354,0.94,42139.25,18060.2,29291.61,-14117.59
HC3100/13,Noon,2026-02,65.97,115.45,73.0,86,383,57,0.15,9928.7,4255.28,27959.0,-16258.35
HC3100/13,Noon,2026-03,65.97,115.45,79.93548387096774,934,432,559,1.29,107830.3,46214.32,34532.13,-15342.27
HC3100/13,Noon,2026-04,65.97,115.45,75.46666666666667,97,364,292,0.8,11198.65,4799.56,27469.87,-14553.93
HC3100/13,Saco,2025-10,65.97,115.45,134.98510638297873,385,357,190,0.53,44448.25,19049.8,48189.68,6974.03
HC3100/13,Saco,2025-11,65.97,115.45,96.81443298969072,468,315,343,1.09,54030.6,23156.64,30496.55,-5870.2
HC3100/13,Saco,2025-12,65.97,115.45,125.68456375838926,483,246,580,2.36,55762.35,23898.84,30918.4,2517.7
HC3100/13,Saco,2026-01,65.97,115.45,134.38709677419354,0,295,285,0.97,0.0,0.0,39644.19,5586.44
HC3100/13,Saco,2026-02,65.97,115.45,149.0,468,290,463,1.6,54030.6,23156.64,43210.0,9729.5
HC3100/13,Saco,2026-03,65.97,115.45,149.0,142,271,334,1.23,16393.9,7026.16,40379.0,9092.05
HC3100/13,Saco,2026-04,65.97,115.45,133.0,140,269,205,0.76,16163.0,6927.2,35777.0,4720.95
HC3525/13,Amazon,2025-10,83.21,145.61,176.68510638297874,345,301,243,0.81,50235.45,21528.0,53182.22,9353.61
HC3525/13,Amazon,2025-11,83.21,145.61,106.66255319148937,359,173,429,2.48,52273.99,22401.6,18452.62,-6737.91
HC3525/13,Amazon,2025-12,83.21,145.61,111.0,0,182,247,1.36,0.0,0.0,20202.0,-6299.02
HC3525/13,Amazon,2026-01,83.21,145.61,137.28933333333333,11,212,46,0.22,1601.71,686.4,29105.34,-1763.98
HC3525/13,Amazon,2026-02,83.21,145.61,135.6776923076923,223,201,68,0.34,32471.03,13915.2,27271.22,-1996.39
HC3525/13,Amazon,2026-03,83.21,145.61,130.32928571428573,377,176,269,1.53,54894.97,23524.8,22937.95,-2689.41
HC3525/13,Amazon,2026-04,83.21,145.61,133.66857142857143,0,220,49,0.22,0.0,0.0,29407.09,-2627.11
HC3525/13,Dawa,2025-10,83.21,145.61,161.27872340425532,462,301,366,1.22,67271.82,28828.8,48544.9,4716.29
HC3525/13,Dawa,2025-11,83.21,145.61,110.32027027027026,5,243,128,0.53,728.05,312.0,26807.83,-8575.4
HC3525/13,Dawa,2025-12,83.21,145.61,137.0242857142857,291,240,179,0.75,42372.51,18158.4,32885.83,-2060.57
HC3525/13,Dawa,2026-01,83.21,145.61,132.29033333333334,292,229,242,1.06,42518.12,18220.8,30294.49,-3050.2
HC3525/13,Dawa,2026-02,83.21,145.61,137.0738888888889,294,220,316,1.44,42809.34,18345.6,30156.26,-1877.94
HC3525/13,Dawa,2026-03,83.21,145.61,137.48,266,253,329,1.3,38732.26,16598.4,34782.44,-2056.89
HC3525/13,Dawa,2026-04,83.21,145.61,141.55555555555554,123,197,255,1.29,17910.03,7675.2,27886.44,-798.73
HC3525/13,Extra,2025-10,83.21,145.61,116.5435,130,167,72,0.43,18929.3,8112.0,19462.76,-4854.11
HC3525/13,Extra,2025-11,83.21,145.61,88.0,226,102,196,1.92,32907.86,14102.4,8976.0,-5876.22
HC3525/13,Extra,2025-12,83.21,145.61,154.56375838926175,115,107,204,1.91,16745.15,7176.0,16538.32,958.05
HC3525/13,Extra,2026-01,83.21,145.61,175.0,18,106,116,1.09,2620.98,1123.2,18550.0,3115.34
HC3525/13,Extra,2026-02,83.21,145.61,175.0,228,128,216,1.69,33199.08,14227.2,22400.0,3761.92
HC3525/13,Extra,2026-03,83.21,145.61,175.0,82,129,169,1.31,11940.02,5116.8,22575.0,3791.31
HC3525/13,Extra,2026-04,83.21,145.61,175.0,136,102,203,1.99,19802.96,8486.4,17850.0,2997.78
HC3525/13,Lulu,2025-10,83.21,145.61,173.03978723404256,180,224,143,0.64,26209.8,11232.0,38760.91,6144.27
HC3525/13,Lulu,2025-11,83.21,145.61,177.10714285714286,203,198,148,0.75,29558.83,12667.2,35067.21,6236.43
HC3525/13,Lulu,2025-12,83.21,145.61,179.25503355704697,85,181,52,0.29,12376.85,5304.0,32445.16,6089.75
HC3525/13,Lulu,2026-01,83.21,145.61,174.32258064516128,323,163,212,1.3,47032.03,20155.2,28414.58,4680.15
HC3525/13,Lulu,2026-02,83.21,145.61,170.0,272,196,288,1.47,39605.92,16972.8,33320.0,4780.44
HC3525/13,Lulu,2026-03,83.21,145.61,166.6,191,188,291,1.55,27811.51,11918.4,31320.8,3946.12
HC3525/13,Lulu,2026-04,83.21,145.61,179.0,0,212,79,0.37,0.0,0.0,37948.0,7078.68
HC3525/13,Nahdi,2025-10,83.21,145.61,149.06340425531914,59,298,8,0.03,8590.99,3681.6,44420.89,1029.11
HC3525/13,Nahdi,2025-11,83.21,145.61,113.38447368421052,452,224,236,1.05,65815.72,28204.8,25398.12,-7218.52
HC3525/13,Nahdi,2025-12,83.21,145.61,119.87791946308725,98,234,100,0.43,14269.78,6115.2,28051.43,-6021.31
HC3525/13,Nahdi,2026-01,83.21,145.61,106.1641935483871,242,251,91,0.36,35237.62,15100.8,26647.21,-9900.9
HC3525/13,Nahdi,2026-02,83.21,145.61,115.2026923076923,386,234,243,1.04,56205.46,24086.4,26957.43,-7115.31
HC3525/13,Nahdi,2026-03,83.21,145.61,94.96,266,239,270,1.13,38732.26,16598.4,22695.44,-12105.35
HC3525/13,Nahdi,2026-04,83.21,145.61,99.76199999999999,243,212,301,1.42,35383.23,15163.2,21149.54,-9719.78
HC3525/13,Noon,2025-10,83.21,145.61,169.26765957446807,25,282,21,0.07,3640.25,1560.0,47733.48,6671.46
HC3525/13,Noon,2025-11,83.21,145.61,128.0811403508772,162,177,6,0.03,23588.82,10108.8,22670.36,-3102.61
HC3525/13,Noon,2025-12,83.21,145.61,122.59060402684564,315,162,159,0.98,45867.15,19656.0,19859.68,-3729.14
HC3525/13,Noon,2026-01,83.21,145.61,140.8709677419355,72,190,41,0.22,10483.92,4492.8,26765.48,-900.42
HC3525/13,Noon,2026-02,83.21,145.61,138.54,248,166,123,0.74,36111.28,15475.2,22997.64,-1173.62
HC3525/13,Noon,2026-03,83.21,145.61,135.41166666666666,371,159,335,2.11,54021.31,23150.4,21530.46,-1621.53
HC3525/13,Noon,2026-04,83.21,145.61,169.26333333333332,148,201,282,1.4,21550.28,9235.2,34021.93,4754.32
HC3525/13,Saco,2025-10,83.21,145.61,175.55340425531915,148,189,114,0.6,21550.28,9235.2,33179.59,5659.3
HC3525/13,Saco,2025-11,83.21,145.61,152.55102040816325,86,146,54,0.37,12522.46,5366.4,22272.45,1013.39
HC3525/13,Saco,2025-12,83.21,145.61,177.88590604026845,77,127,4,0.03,11211.97,4804.8,22591.51,4099.04
HC3525/13,Saco,2026-01,83.21,145.61,176.80645161290323,292,148,148,1.0,42518.12,18220.8,26167.35,4617.07
HC3525/13,Saco,2026-02,83.21,145.61,189.0,190,120,218,1.82,27665.9,11856.0,22680.0,5206.8
HC3525/13,Saco,2026-03,83.21,145.61,189.0,0,130,88,0.68,0.0,0.0,24570.0,5640.7
HC3525/13,Saco,2026-04,83.21,145.61,167.6,149,156,81,0.52,21695.89,9297.6,26145.6,3430.44
HC5630/13,Amazon,2025-10,137.68,240.93,301.7791489361702,35,273,11,0.04,8432.55,3613.75,82385.71,16611.82
HC5630/13,Amazon,2025-11,137.68,240.93,217.1053097345133,251,180,82,0.46,60473.43,25915.75,39078.96,-4288.44
HC5630/13,Amazon,2025-12,137.68,240.93,226.0279054054054,224,171,135,0.79,53968.32,23128.0,38650.77,-2548.26
HC5630/13,Amazon,2026-01,137.68,240.93,218.42741935483872,181,200,116,0.58,43608.33,18688.25,43685.48,-4500.52
HC5630/13,Amazon,2026-02,137.68,240.93,217.44692307692307,118,183,51,0.28,28429.74,12183.5,39792.79,-4297.4
HC5630/13,Amazon,2026-03,137.68,240.93,239.98096774193547,301,194,158,0.81,72519.93,31078.25,46556.31,-184.11
HC5630/13,Amazon,2026-04,137.68,240.93,290.29,59,194,23,0.12,14214.87,6091.75,56316.26,9575.84
HC5630/13,Lulu,2025-10,137.68,240.93,291.59531914893614,100,203,185,0.91,24093.0,10325.0,59193.85,10285.06
HC5630/13,Lulu,2025-11,137.68,240.93,283.32142857142856,115,151,149,0.99,27706.95,11873.75,42781.54,6401.11
HC5630/13,Lulu,2025-12,137.68,240.93,301.28187919463085,34,178,5,0.03,8191.62,3510.5,53628.17,10742.63
HC5630/13,Lulu,2026-01,137.68,240.93,300.2903225806452,240,153,92,0.6,57823.2,24780.0,45944.42,9082.13
HC5630/13,Lulu,2026-02,137.68,240.93,319.0,269,158,203,1.28,64810.17,27774.25,50402.0,12335.06
HC5630/13,Lulu,2026-03,137.68,240.93,319.0,269,193,279,1.45,64810.17,27774.25,61567.0,15067.51
HC5630/13,Lulu,2026-04,137.68,240.93,319.0,0,173,106,0.61,0.0,0.0,55187.0,13506.11
HC5630/13,Noon,2025-10,137.68,240.93,292.1185106382979,1026,649,504,0.78,247194.18,105934.5,189584.91,33221.34
HC5630/13,Noon,2025-11,137.68,240.93,218.2566371681416,709,441,772,1.75,170819.37,73204.25,96251.18,-9998.95
HC5630/13,Noon,2025-12,137.68,240.93,225.58389261744966,88,440,420,0.95,21201.84,9086.0,99256.91,-6752.29
HC5630/13,Noon,2026-01,137.68,240.93,223.7,999,380,1039,2.73,240689.07,103146.75,85006.0,-6547.4
HC5630/13,Noon,2026-02,137.68,240.93,255.33923076923077,0,413,626,1.52,0.0,0.0,105455.1,5951.01
HC5630/13,Noon,2026-03,137.68,240.93,247.60136363636366,288,405,509,1.26,69387.84,29736.0,100278.55,2701.9
MG1100/16,Amazon,2025-10,48.02,84.03,105.16106382978722,338,456,6,0.01,28402.14,12171.38,47953.45,9635.77
MG1100/16,Amazon,2025-11,48.02,84.03,60.339999999999996,888,375,519,1.38,74618.64,31976.88,22627.5,-8883.75
MG1100/16,Amazon,2025-12,48.02,84.03,63.5,31,331,219,0.66,2604.93,1116.31,21018.5,-6795.43
MG1100/16,Amazon,2026-01,48.02,84.03,64.0,217,339,97,0.29,18234.51,7814.17,21696.0,-6790.17
MG1100/16,Amazon,2026-02,48.02,84.03,63.88461538461539,944,333,708,2.13,79324.32,33993.44,21273.58,-6708.41
MG1100/16,Amazon,2026-03,48.02,84.03,58.24285714285714,273,302,679,2.25,22940.19,9830.73,17589.34,-7787.72
MG1100/16,Amazon,2026-04,48.02,84.03,99.0,257,338,598,1.77,21595.71,9254.57,33462.0,5059.86
MG1100/16,Extra,2025-10,48.02,84.03,76.2125,560,383,324,0.85,47056.8,20165.6,29189.39,-2994.1
MG1100/16,Extra,2025-11,48.02,84.03,68.74561403508773,38,284,78,0.27,3193.14,1368.38,19523.75,-4340.77
MG1100/16,Extra,2025-12,48.02,84.03,81.18120805369128,595,275,398,1.45,49997.85,21425.95,22324.83,-783.42
MG1100/16,Extra,2026-01,48.02,84.03,80.80645161290323,0,300,98,0.33,0.0,0.0,24241.94,-967.06
MG1100/16,Extra,2026-02,48.02,84.03,85.07692307692308,466,337,227,0.67,39157.98,16780.66,28670.92,352.81
MG1100/16,Extra,2026-03,48.02,84.03,95.64516129032258,365,292,300,1.03,30670.95,13143.65,27928.39,3391.63
MG1100/16,Extra,2026-04,48.02,84.03,96.53333333333333,344,295,349,1.18,28906.32,12387.44,28477.33,3688.48
MG1100/16,Lulu,2025-10,48.02,84.03,102.2468085106383,315,261,301,1.15,26469.45,11343.15,26686.42,4754.59
MG1100/16,Lulu,2025-11,48.02,84.03,98.09821428571429,213,166,348,2.1,17898.39,7670.13,16284.3,2335.32
MG1100/16,Lulu,2025-12,48.02,84.03,101.91275167785236,54,204,198,0.97,4537.62,1944.54,20790.2,3648.08
MG1100/16,Lulu,2026-01,48.02,84.03,99.87096774193549,96,184,110,0.6,8066.88,3456.96,18376.26,2914.74
MG1100/16,Lulu,2026-02,48.02,84.03,94.92307692307692,186,180,116,0.64,15629.58,6697.86,17086.15,1960.75
MG1100/16,Lulu,2026-03,48.02,84.03,57.666666666666664,214,186,144,0.77,17982.42,7706.14,10726.0,-4903.58
MG1100/16,Lulu,2026-04,48.02,84.03,72.0,123,164,103,0.63,10335.69,4429.23,11808.0,-1972.92
MG1100/16,Nahdi,2025-10,48.02,84.03,81.3468085106383,40,238,14,0.06,3361.2,1440.4,19360.54,-638.6
MG1100/16,Nahdi,2025-11,48.02,84.03,101.7442105263158,277,161,130,0.81,23276.31,9974.77,16380.82,2851.99
MG1100/16,Nahdi,2025-12,48.02,84.03,93.50107382550335,349,188,291,1.55,29326.47,12567.49,17578.2,1780.56
MG1100/16,Nahdi,2026-01,48.02,84.03,87.92129032258065,235,151,375,2.48,19747.05,8462.35,13276.11,587.58
MG1100/16,Nahdi,2026-02,48.02,84.03,72.34846153846154,0,168,207,1.23,0.0,0.0,12154.54,-1962.5
MG1100/16,Nahdi,2026-03,48.02,84.03,59.95,2,173,36,0.21,168.06,72.02,10371.35,-4165.84
MG1100/16,Nahdi,2026-04,48.02,84.03,62.11800000000001,406,144,298,2.07,34116.18,14620.06,8944.99,-3155.33
MG1100/16,Noon,2025-10,48.02,84.03,98.4868085106383,98,301,26,0.09,8234.94,3528.98,29644.53,4351.5
MG1100/16,Noon,2025-11,48.02,84.03,61.125,650,245,431,1.76,54619.5,23406.5,14975.62,-5611.73
MG1100/16,Noon,2025-12,48.02,84.03,64.0,205,251,385,1.53,17226.15,7382.05,16064.0,-5027.53
MG1100/16,Noon,2026-01,48.02,84.03,68.14375,314,216,483,2.24,26385.42,11307.14,14719.05,-3431.43
MG1100/16,Noon,2026-02,48.02,84.03,63.88399999999999,86,250,319,1.28,7226.58,3096.86,15971.0,-5036.5
MG1100/16,Noon,2026-03,48.02,84.03,86.27741935483871,0,261,58,0.22,0.0,0.0,22518.41,586.58
MG1100/16,Noon,2026-04,48.02,84.03,106.59666666666666,285,254,89,0.35,23948.55,10262.85,27075.55,5731.93
MG1100/16,Saco,2025-10,48.02,84.03,97.8059574468085,862,549,484,0.88,72433.86,31040.62,53695.47,7563.0
MG1100/16,Saco,2025-11,48.02,84.03,80.6938775510204,534,484,534,1.1,44872.02,19229.34,39055.84,-1614.68
MG1100/16,Saco,2025-12,48.02,84.03,98.36912751677852,600,427,707,1.66,50418.0,21606.0,42003.62,6122.81
MG1100/16,Saco,2026-01,48.02,84.03,97.19354838709677,107,518,296,0.57,8991.21,3853.07,50346.26,6818.72
MG1100/16,Saco,2026-02,48.02,84.03,100.11538461538461,387,450,233,0.52,32519.61,13935.87,45051.92,7238.42
MG1100/16,Saco,2026-03,48.02,84.03,107.93548387096774,846,400,679,1.7,71089.38,30464.46,43174.19,9562.19
MG1100/16,Saco,2026-04,48.02,84.03,104.8,0,482,197,0.41,0.0,0.0,50513.6,10011.14
MG3710/33,Amazon,2025-10,86.4,151.2,160.26297872340425,387,568,28,0.05,58514.4,25077.6,91029.37,5147.77
MG3710/33,Amazon,2025-11,86.4,151.2,99.0,834,492,370,0.75,126100.8,54043.2,48708.0,-25682.4
MG3710/33,Amazon,2025-12,86.4,151.2,120.0,128,490,8,0.02,19353.6,8294.4,58800.0,-15288.0
MG3710/33,Amazon,2026-01,86.4,151.2,139.0,1483,448,1043,2.33,224229.6,96098.4,62272.0,-5465.6
MG3710/33,Amazon,2026-04,86.4,151.2,94.96,82,381,744,1.95,12398.4,5313.6,36179.76,-21427.44
MG3710/33,Dawa,2025-10,86.4,151.2,144.26999999999998,440,397,205,0.52,66528.0,28512.0,57275.19,-2751.21
MG3710/33,Dawa,2025-11,86.4,151.2,105.80675675675676,650,236,619,2.62,98280.0,42120.0,24970.39,-10712.81
MG3710/33,Dawa,2025-12,86.4,151.2,131.3612765957447,0,231,388,1.68,0.0,0.0,30344.45,-4582.75
MG3710/33,Dawa,2026-01,86.4,151.2,127.01034482758621,432,295,525,1.78,65318.4,27993.6,37468.05,-7135.95
MG3710/33,Dawa,2026-02,86.4,151.2,130.69,0,245,280,1.14,0.0,0.0,32019.05,-5024.95
MG3710/33,Dawa,2026-03,86.4,151.2,131.86,352,259,373,1.44,53222.4,22809.6,34151.74,-5009.06
MG3710/33,Dawa,2026-04,86.4,151.2,136.25500000000002,69,307,135,0.44,10432.8,4471.2,41830.29,-4588.11
MG3710/33,Extra,2025-10,86.4,151.2,118.53150000000001,496,519,153,0.29,74995.2,32140.8,61517.85,-16954.95
MG3710/33,Extra,2025-11,86.4,151.2,100.75438596491227,686,373,466,1.25,103723.2,44452.8,37581.39,-18816.21
MG3710/33,Extra,2025-12,86.4,151.2,105.41610738255034,615,447,634,1.42,92988.0,39852.0,47121.0,-20465.4
MG3710/33,Extra,2026-01,86.4,151.2,107.64516129032258,0,351,283,0.81,0.0,0.0,37783.45,-15287.75
MG3710/33,Extra,2026-02,86.4,151.2,87.25925925925925,651,428,506,1.18,98431.2,42184.8,37346.96,-27366.64
MG3710/33,Extra,2026-03,86.4,151.2,86.0,448,455,499,1.1,67737.6,29030.4,39130.0,-29666.0
MG3710/33,Extra,2026-04,86.4,151.2,86.0,183,445,237,0.53,27669.6,11858.4,38270.0,-29014.0
MG3710/33,Lulu,2025-10,86.4,151.2,160.52085106382978,122,343,16,0.05,18446.4,7905.6,55058.65,3197.05
MG3710/33,Lulu,2025-11,86.4,151.2,121.45535714285714,319,221,114,0.52,48232.8,20671.2,26841.63,-6573.57
MG3710/33,Lulu,2025-12,86.4,151.2,110.87248322147651,361,217,258,1.19,54583.2,23392.8,24059.33,-8751.07
MG3710/33,Lulu,2026-01,86.4,151.2,107.45161290322581,506,257,507,1.97,76507.2,32788.8,27615.06,-11243.34
MG3710/33,Lulu,2026-02,86.4,151.2,172.0,0,261,246,0.94,0.0,0.0,44892.0,5428.8
MG3710/33,Lulu,2026-03,86.4,151.2,172.0,490,236,500,2.12,74088.0,31752.0,40592.0,4908.8
MG3710/33,Lulu,2026-04,86.4,151.2,172.0,0,216,284,1.31,0.0,0.0,37152.0,4492.8
MG3710/33,Nahdi,2025-10,86.4,151.2,136.22893617021276,349,352,254,0.72,52768.8,22615.2,47952.59,-5269.81
MG3710/33,Nahdi,2025-11,86.4,151.2,114.11070175438597,570,249,575,2.31,86184.0,36936.0,28413.56,-9235.24
MG3710/33,Nahdi,2025-12,86.4,151.2,122.32335570469799,199,303,471,1.55,30088.8,12895.2,37063.98,-8749.62
MG3710/33,Nahdi,2026-01,86.4,151.2,108.28903225806452,39,277,233,0.84,5896.8,2527.2,29996.06,-11886.34
MG3710/33,Nahdi,2026-02,86.4,151.2,116.56,486,319,400,1.25,73483.2,31492.8,37182.64,-11050.16
MG3710/33,Nahdi,2026-03,86.4,151.2,94.96,324,305,419,1.37,48988.8,20995.2,28962.8,-17153.2
MG3710/33,Nahdi,2026-04,86.4,151.2,98.824,0,258,161,0.62,0.0,0.0,25496.59,-13513.01
MG3710/33,Noon,2025-10,86.4,151.2,155.14297872340427,200,349,3,0.01,30240.0,12960.0,54144.9,1376.1
MG3710/33,Noon,2025-11,86.4,151.2,106.52222222222223,517,236,284,1.2,78170.4,33501.6,25139.24,-10543.96
MG3710/33,Noon,2025-12,86.4,151.2,128.69530201342283,259,247,296,1.2,39160.8,16783.2,31787.74,-5558.66
MG3710/33,Noon,2026-01,86.4,151.2,196.60967741935482,314,258,352,1.36,47476.8,20347.2,50725.3,11715.7
MG3710/33,Noon,2026-02,86.4,151.2,176.26923076923077,14,263,103,0.39,2116.8,907.2,46358.81,6593.21
MG3710/33,Noon,2026-03,86.4,151.2,157.41774193548386,336,266,173,0.65,50803.2,21772.8,41873.12,1653.92
MG3710/33,Noon,2026-04,86.4,151.2,158.96,297,223,247,1.11,44906.4,19245.6,35448.08,1730.48
MG3710/33,Saco,2025-10,86.4,151.2,158.09021276595743,479,279,376,1.35,72424.8,31039.2,44107.17,1922.37
MG3710/33,Saco,2025-11,86.4,151.2,107.04081632653062,182,249,309,1.24,27518.4,11793.6,26653.16,-10995.64
MG3710/33,Saco,2025-12,86.4,151.2,130.44295302013424,13,205,117,0.57,1965.6,842.4,26740.81,-4255.19
MG3710/33,Saco,2026-01,86.4,151.2,151.1818181818182,253,219,151,0.69,38253.6,16394.4,33108.82,-3.98
MG3710/33,Saco,2026-02,86.4,151.2,175.0,334,197,288,1.46,50500.8,21643.2,34475.0,4688.6
MG3710/33,Saco,2026-03,86.4,151.2,175.0,280,245,323,1.32,42336.0,18144.0,42875.0,5831.0
MG3710/33,Saco,2026-04,86.4,151.2,175.0,208,209,322,1.54,31449.6,13478.4,36575.0,4974.2
MG3747/13,Amazon,2025-10,101.82,178.18,217.3827659574468,0,191,20,0.1,0.0,0.0,41520.11,7487.73
MG3747/13,Amazon,2025-11,101.82,178.18,120.65617021276596,249,154,115,0.75,44366.82,19013.64,18581.05,-8858.67
MG3747/13,Amazon,2025-12,101.82,178.18,105.05999999999999,98,117,96,0.82,17461.64,7483.28,12292.02,-8555.04
MG3747/13,Amazon,2026-01,101.82,178.18,120.67142857142856,52,117,31,0.26,9265.36,3970.72,14118.56,-6728.5
MG3747/13,Amazon,2026-02,101.82,178.18,115.0,217,128,120,0.94,38665.06,16570.12,14720.0,-8087.04
MG3747/13,Amazon,2026-03,101.82,178.18,129.0,49,149,20,0.13,8730.82,3741.64,19221.0,-7327.82
MG3747/13,Amazon,2026-04,101.82,178.18,116.0,264,123,161,1.31,47039.52,20159.04,14268.0,-7648.14
MG3747/13,Dawa,2025-10,101.82,178.18,198.50914893617022,795,506,565,1.12,141653.1,60706.2,100445.63,10286.55
MG3747/13,Dawa,2025-11,101.82,178.18,139.0162162162162,227,339,453,1.34,40446.86,17333.72,47126.5,-13276.52
MG3747/13,Dawa,2025-12,101.82,178.18,172.59751773049646,708,420,741,1.76,126151.44,54062.88,72490.96,-2344.64
MG3747/13,Dawa,2026-01,101.82,178.18,166.70933333333332,0,378,363,0.96,0.0,0.0,63016.13,-4335.91
MG3747/13,Dawa,2026-02,101.82,178.18,170.73,614,419,558,1.33,109402.52,46885.04,71535.87,-3121.55
MG3747/13,Dawa,2026-03,101.82,178.18,173.25,337,436,459,1.05,60046.66,25733.32,75537.0,-2149.48
MG3747/13,Dawa,2026-04,101.82,178.18,179.03,101,358,202,0.56,17996.18,7712.36,64092.74,304.3
MG3747/13,Extra,2025-10,101.82,178.18,164.67675,416,546,143,0.26,74122.88,31765.76,89913.51,-7372.77
MG3747/13,Extra,2025-11,101.82,178.18,134.49122807017545,617,325,435,1.34,109937.06,47114.12,43709.65,-14198.85
MG3747/13,Extra,2025-12,101.82,178.18,152.06711409395973,625,420,640,1.52,111362.5,47725.0,63868.19,-10967.41
MG3747/13,Extra,2026-01,101.82,178.18,138.5483870967742,0,392,248,0.63,0.0,0.0,54310.97,-15535.59
MG3747/13,Extra,2026-02,101.82,178.18,117.76923076923077,636,417,467,1.12,113322.48,48564.96,49109.77,-25191.29
MG3747/13,Extra,2026-03,101.82,178.18,115.61290322580645,616,319,764,2.39,109758.88,47037.76,36880.52,-19958.9
MG3747/13,Extra,2026-04,101.82,178.18,183.86666666666667,0,338,426,1.26,0.0,0.0,62146.93,1922.09
MG3747/13,Lulu,2025-10,101.82,178.18,217.1287234042553,786,533,441,0.83,140049.48,60018.96,115729.61,20759.67
MG3747/13,Lulu,2025-11,101.82,178.18,190.40178571428572,744,391,794,2.03,132565.92,56811.84,74447.1,4778.72
MG3747/13,Lulu,2025-12,101.82,178.18,147.23489932885906,0,373,421,1.13,0.0,0.0,54918.62,-11542.52
MG3747/13,Lulu,2026-01,101.82,178.18,188.96774193548387,151,392,180,0.46,26905.18,11530.36,74075.35,4228.79
MG3747/13,Lulu,2026-02,101.82,178.18,232.0,530,361,349,0.97,94435.4,40470.8,83752.0,19429.02
MG3747/13,Lulu,2026-03,101.82,178.18,232.0,718,396,671,1.69,127933.24,54826.48,91872.0,21312.72
MG3747/13,Lulu,2026-04,101.82,178.18,232.0,0,443,228,0.51,0.0,0.0,102776.0,23842.26
MG3747/13,Noon,2025-10,101.82,178.18,209.46148936170215,171,285,98,0.34,30468.78,13057.56,59696.52,8915.22
MG3747/13,Noon,2025-11,101.82,178.18,122.17410714285714,249,181,166,0.92,44366.82,19013.64,22113.51,-10137.07
MG3747/13,Noon,2025-12,101.82,178.18,101.01510067114094,306,206,266,1.29,54523.08,23366.16,20809.11,-15895.97
MG3747/13,Noon,2026-01,101.82,178.18,117.65967741935484,197,181,282,1.56,35101.46,15042.92,21296.4,-10954.18
MG3747/13,Noon,2026-02,101.82,178.18,119.11428571428571,0,241,41,0.17,0.0,0.0,28706.54,-14234.84
MG3747/13,Noon,2026-03,101.82,178.18,127.69999999999999,459,188,312,1.66,81784.62,35049.24,24007.6,-9490.24
MG3747/13,Noon,2026-04,101.82,178.18,191.28333333333333,0,225,87,0.39,0.0,0.0,43038.75,2948.25
MG3747/13,Saco,2025-10,101.82,178.18,212.611914893617,347,435,24,0.06,61828.46,26496.92,92486.18,14977.88
MG3747/13,Saco,2025-11,101.82,178.18,138.70828282828282,423,308,139,0.45,75370.14,32300.28,42722.15,-12157.29
MG3747/13,Saco,2025-12,101.82,178.18,173.16778523489933,369,297,211,0.71,65748.42,28176.84,51430.83,-1488.63
MG3747/13,Saco,2026-01,101.82,178.18,184.7741935483871,427,309,329,1.06,76082.86,32605.72,57095.23,2037.61
MG3747/13,Saco,2026-02,101.82,178.18,141.66666666666666,6,321,14,0.04,1069.08,458.16,45475.0,-11720.78
MG3747/13,Saco,2026-03,101.82,178.18,223.38709677419354,437,291,160,0.55,77864.66,33369.32,65005.65,13155.27
MG3747/13,Saco,2026-04,101.82,178.18,211.0,152,286,26,0.09,27083.36,11606.72,60346.0,9386.52
MG5930/15,Amazon,2025-10,151.22,264.64,324.63085106382977,249,289,159,0.55,65895.36,28241.58,93818.32,17337.36
MG5930/15,Amazon,2025-11,151.22,264.64,141.30388059701494,261,215,205,0.95,69071.04,29602.62,30380.33,-26517.27
MG5930/15,Amazon,2025-12,151.22,264.64,152.37433628318584,106,221,90,0.41,28051.84,12022.52,33674.73,-24810.71
MG5930/15,Amazon,2026-01,151.22,264.64,167.0,351,210,231,1.1,92888.64,39810.42,35070.0,-20504.4
MG5930/15,Amazon,2026-02,151.22,264.64,171.42000000000002,269,195,305,1.56,71188.16,30509.98,33426.9,-18177.9
MG5930/15,Dawa,2025-10,151.22,264.64,290.9225531914894,0,114,49,0.43,0.0,0.0,33165.17,2996.21
MG5930/15,Dawa,2025-11,151.22,264.64,205.5454954954955,66,86,29,0.34,17466.24,7485.72,17676.91,-5082.13
MG5930/15,Dawa,2025-12,151.22,264.64,255.1937588652482,238,91,176,1.93,62984.32,26993.96,23222.63,-859.61
MG5930/15,Dawa,2026-01,151.22,264.64,248.23499999999999,0,85,91,1.07,0.0,0.0,21099.98,-1394.42
MG5930/15,Dawa,2026-02,151.22,264.64,252.25904761904764,138,100,129,1.29,36520.32,15651.96,25225.9,-1238.1
MG5930/15,Dawa,2026-03,151.22,264.64,256.16,47,92,84,0.91,12438.08,5330.74,23566.72,-780.16
MG5930/15,Dawa,2026-04,151.22,264.64,264.7,115,108,91,0.84,30433.6,13043.3,28587.6,6.48
MG5930/15,Extra,2025-10,151.22,264.64,233.81925,193,304,118,0.39,51075.52,21890.06,71081.05,-9369.51
MG5930/15,Extra,2025-11,151.22,264.64,184.66666666666666,729,248,599,2.42,192922.56,82683.18,45797.33,-19833.39
MG5930/15,Extra,2025-12,151.22,264.64,205.46979865771812,0,289,310,1.07,0.0,0.0,59380.77,-17100.19
MG5930/15,Extra,2026-01,151.22,264.64,199.6451612903226,277,279,308,1.1,73305.28,31417.34,55701.0,-18133.56
MG5930/15,Extra,2026-02,151.22,264.64,173.57692307692307,195,235,268,1.14,51604.8,22116.9,40790.58,-21399.82
MG5930/15,Extra,2026-03,151.22,264.64,170.74193548387098,201,301,168,0.56,53192.64,22797.42,51393.32,-28263.32
MG5930/15,Extra,2026-04,151.22,264.64,171.13333333333333,172,301,39,0.13,45518.08,19508.24,51511.13,-28145.51
MG5930/15,Lulu,2025-10,151.22,264.64,313.1595744680851,47,106,63,0.59,12438.08,5330.74,33194.91,5143.07
MG5930/15,Lulu,2025-11,151.22,264.64,205.33928571428572,82,81,64,0.79,21700.48,9300.44,16632.48,-4803.36
MG5930/15,Lulu,2025-12,151.22,264.64,198.60402684563758,116,98,82,0.84,30698.24,13156.72,19463.19,-6471.53
MG5930/15,Lulu,2026-01,151.22,264.64,218.4375,100,88,94,1.07,26464.0,11342.0,19222.5,-4065.82
MG5930/15,Lulu,2026-02,151.22,264.64,345.0,49,86,57,0.66,12967.36,5557.58,29670.0,6910.96
MG5930/15,Lulu,2026-03,151.22,264.64,345.0,92,94,55,0.59,24346.88,10434.64,32430.0,7553.84
MG5930/15,Lulu,2026-04,151.22,264.64,345.0,96,80,71,0.89,25405.44,10888.32,27600.0,6428.8
MG5930/15,Noon,2025-10,151.22,264.64,307.1276595744681,423,443,167,0.38,111942.72,47976.66,136057.55,18822.03
MG5930/15,Noon,2025-11,151.22,264.64,142.91962616822428,241,321,87,0.27,63778.24,27334.22,45877.2,-39072.24
MG5930/15,Noon,2025-12,151.22,264.64,153.4489932885906,619,375,331,0.88,163812.16,70206.98,57543.37,-41696.63
MG5930/15,Noon,2026-01,151.22,264.64,181.41387096774193,224,353,202,0.57,59279.36,25406.08,64039.1,-29378.82
MG5930/15,Noon,2026-02,151.22,264.64,165.608,297,362,137,0.38,78598.08,33685.74,59950.1,-35849.58
MG5930/15,Noon,2026-03,151.22,264.64,171.0,780,320,597,1.87,206419.2,88467.6,54720.0,-29964.8
MG5930/15,Noon,2026-04,151.22,264.64,292.58,0,316,281,0.89,0.0,0.0,92455.28,8829.04
MG5930/15,Saco,2025-10,151.22,264.64,318.05,684,325,511,1.57,181013.76,77579.28,103366.25,17358.25
MG5930/15,Saco,2025-11,151.22,264.64,175.29367346938776,0,267,244,0.91,0.0,0.0,46803.41,-23855.47
MG5930/15,Saco,2025-12,151.22,264.64,253.2281879194631,242,251,235,0.94,64042.88,27447.64,63560.28,-2864.36
MG5930/15,Saco,2026-01,151.22,264.64,305.1290322580645,312,214,333,1.56,82567.68,35387.04,65297.61,8664.65
MG5930/15,Saco,2026-02,151.22,264.64,208.11111111111111,209,277,265,0.96,55309.76,23704.78,57646.78,-15658.5
MG5930/15,Saco,2026-03,151.22,264.64,327.96774193548384,34,216,83,0.38,8997.76,3856.28,70841.03,13678.79
MG5930/15,Saco,2026-04,151.22,264.64,309.6,262,283,62,0.22,69335.68,29716.04,87616.8,12723.68
MG7920/15,Amazon,2025-10,176.0,308.0,381.60808510638304,65,116,124,1.07,20020.0,8580.0,44266.54,8538.54
MG7920/15,Amazon,2025-11,176.0,308.0,189.17176470588237,116,106,134,1.26,35728.0,15312.0,20052.21,-12595.79
MG7920/15,Amazon,2025-12,176.0,308.0,207.60975,114,88,160,1.82,35112.0,15048.0,18269.66,-8834.34
MG7920/15,Amazon,2026-01,176.0,308.0,208.04,58,113,105,0.93,17864.0,7656.0,23508.52,-11295.48
MG7920/15,Amazon,2026-02,176.0,308.0,202.41583333333332,76,99,82,0.83,23408.0,10032.0,20039.17,-10452.83
MG7920/15,Amazon,2026-03,176.0,308.0,215.61875,30,89,23,0.26,9240.0,3960.0,19190.07,-8221.93
MG7920/15,Amazon,2026-04,176.0,308.0,218.99,171,95,99,1.04,52668.0,22572.0,20804.05,-8455.95
MG7920/15,Dawa,2025-10,176.0,308.0,341.9908510638298,731,392,509,1.3,225148.0,96492.0,134060.41,13324.41
MG7920/15,Dawa,2025-11,176.0,308.0,243.13454545454545,177,290,396,1.37,54516.0,23364.0,70509.02,-18810.98
MG7920/15,Dawa,2025-12,176.0,308.0,301.84085714285715,0,366,30,0.08,0.0,0.0,110473.75,-2254.25
MG7920/15,Dawa,2026-01,176.0,308.0,291.55100000000004,513,317,226,0.71,158004.0,67716.0,92421.67,-5214.33
MG7920/15,Dawa,2026-02,176.0,308.0,303.21555555555557,631,350,507,1.45,194348.0,83292.0,106125.44,-1674.56
MG7920/15,Dawa,2026-03,176.0,308.0,302.99,232,336,403,1.2,71456.0,30624.0,101804.64,-1683.36
MG7920/15,Dawa,2026-04,176.0,308.0,313.09499999999997,215,339,279,0.82,66220.0,28380.0,106139.2,1727.2
MG7920/15,Extra,2025-10,176.0,308.0,277.2115,69,136,153,1.12,21252.0,9108.0,37700.76,-4187.24
MG7920/15,Extra,2025-11,176.0,308.0,246.75438596491227,15,106,62,0.58,4620.0,1980.0,26155.96,-6492.04
MG7920/15,Extra,2025-12,176.0,308.0,277.06711409395973,216,125,153,1.22,66528.0,28512.0,34633.39,-3866.61
MG7920/15,Extra,2026-01,176.0,308.0,274.1875,0,132,21,0.16,0.0,0.0,36192.75,-4463.25
MG7920/15,Extra,2026-02,176.0,308.0,206.53846153846155,253,107,167,1.56,77924.0,33396.0,22099.62,-10856.38
MG7920/15,Extra,2026-03,176.0,308.0,201.0,136,107,196,1.83,41888.0,17952.0,21507.0,-11449.0
MG7920/15,Extra,2026-04,176.0,308.0,201.0,25,114,107,0.94,7700.0,3300.0,22914.0,-12198.0
MG7920/15,Lulu,2025-10,176.0,308.0,371.6123404255319,518,560,158,0.28,159544.0,68376.0,208102.91,35622.91
MG7920/15,Lulu,2025-11,176.0,308.0,282.08035714285717,796,336,618,1.84,245168.0,105072.0,94779.0,-8709.0
MG7920/15,Lulu,2025-12,176.0,308.0,276.6442953020134,73,351,340,0.97,22484.0,9636.0,97102.15,-11005.85
MG7920/15,Lulu,2026-01,176.0,308.0,288.80645161290323,370,404,306,0.76,113960.0,48840.0,116677.81,-7754.19
MG7920/15,Lulu,2026-02,176.0,308.0,402.0,514,308,512,1.66,158312.0,67848.0,123816.0,28952.0
MG7920/15,Lulu,2026-03,176.0,308.0,402.0,571,312,771,2.47,175868.0,75372.0,125424.0,29328.0
MG7920/15,Lulu,2026-04,176.0,308.0,402.0,0,373,398,1.07,0.0,0.0,149946.0,35062.0
MG7920/15,Nahdi,2025-10,176.0,308.0,300.6321276595745,379,582,18,0.03,116732.0,50028.0,174967.9,-4288.1
MG7920/15,Nahdi,2025-11,176.0,308.0,310.0371052631579,779,353,444,1.26,239932.0,102828.0,109443.1,719.1
MG7920/15,Nahdi,2025-12,176.0,308.0,304.4495302013423,275,380,339,0.89,84700.0,36300.0,115690.82,-1349.18
MG7920/15,Nahdi,2026-01,176.0,308.0,232.61290322580646,405,378,366,0.97,124740.0,53460.0,87927.68,-28496.32
MG7920/15,Nahdi,2026-02,176.0,308.0,267.5618518518518,505,380,491,1.29,155540.0,66660.0,101673.5,-15366.5
MG7920/15,Nahdi,2026-03,176.0,308.0,219.95,608,398,701,1.76,187264.0,80256.0,87540.1,-35043.9
MG7920/15,Nahdi,2026-04,176.0,308.0,228.756,0,380,321,0.84,0.0,0.0,86927.28,-30112.72
MG7920/15,Noon,2025-10,176.0,308.0,354.5921276595745,95,117,103,0.88,29260.0,12540.0,41487.28,5451.28
MG7920/15,Noon,2025-11,176.0,308.0,204.51785714285714,129,87,145,1.67,39732.0,17028.0,17793.05,-9002.95
MG7920/15,Noon,2025-12,176.0,308.0,220.58590604026847,99,90,154,1.71,30492.0,13068.0,19852.73,-7867.27
MG7920/15,Noon,2026-01,176.0,308.0,243.1953125,0,88,66,0.75,0.0,0.0,21401.19,-5702.81
MG7920/15,Noon,2026-02,176.0,308.0,208.74615384615385,88,97,57,0.59,27104.0,11616.0,20248.38,-9627.62
MG7920/15,Noon,2026-03,176.0,308.0,228.71724137931034,164,76,145,1.91,50512.0,21648.0,17382.51,-6025.49
MG7920/15,Noon,2026-04,176.0,308.0,221.50333333333336,73,96,122,1.27,22484.0,9636.0,21264.32,-8303.68
MG7920/15,Saco,2025-10,176.0,308.0,367.09,509,474,311,0.66,156772.0,67188.0,174000.66,28008.66
MG7920/15,Saco,2025-11,176.0,308.0,203.66323232323234,160,297,174,0.59,49280.0,21120.0,60487.98,-30988.02
MG7920/15,Saco,2025-12,176.0,308.0,282.503355704698,436,314,296,0.94,134288.0,57552.0,88706.05,-8005.95
MG7920/15,Saco,2026-01,176.0,308.0,259.5,252,312,236,0.76,77616.0,33264.0,80964.0,-15132.0
MG7920/15,Saco,2026-02,176.0,308.0,237.46153846153845,251,291,196,0.67,77308.0,33132.0,69101.31,-20526.69
MG7920/15,Saco,2026-03,176.0,308.0,379.64516129032256,228,308,116,0.38,70224.0,30096.0,116930.71,22066.71
MG7920/15,Saco,2026-04,176.0,308.0,363.0,603,274,445,1.62,185724.0,79596.0,99462.0,15070.0
MG9553/15,Amazon,2025-10,265.05,463.83,577.2591489361702,1061,470,761,1.62,492123.63,210905.58,271311.8,53311.7
MG9553/15,Amazon,2025-11,265.05,463.83,306.9069090909091,0,389,372,0.96,0.0,0.0,119386.79,-61043.08
MG9553/15,Amazon,2025-12,265.05,463.83,444.2421348314607,281,332,321,0.97,130336.23,55857.18,147488.39,-6503.17
MG9553/15,Amazon,2026-01,265.05,463.83,495.6783870967742,902,389,834,2.14,418374.66,179299.56,192818.89,12389.02
MG9553/15,Amazon,2026-02,265.05,463.83,371.06111111111113,0,358,476,1.33,0.0,0.0,132839.88,-33211.26
MG9553/15,Amazon,2026-03,265.05,463.83,463.5125,163,395,244,0.62,75604.29,32401.14,183087.44,-125.41
MG9553/15,Amazon,2026-04,265.05,463.83,380.55,345,363,226,0.62,160021.35,68579.1,138139.65,-30230.64
MG9553/15,Extra,2025-10,265.05,463.83,419.8620512820513,807,439,540,1.23,374310.81,160415.46,184319.44,-19301.93
MG9553/15,Extra,2025-11,265.05,463.83,326.2631578947368,0,384,156,0.41,0.0,0.0,125285.05,-52825.67
MG9553/15,Extra,2025-12,265.05,463.83,334.0738255033557,400,315,241,0.77,185532.0,79512.0,105233.26,-40873.19
MG9553/15,Extra,2026-01,265.05,463.83,345.1290322580645,987,359,869,2.42,457800.21,196195.86,123901.32,-42613.65
MG9553/15,Extra,2026-02,265.05,463.83,304.0769230769231,0,412,457,1.11,0.0,0.0,125279.69,-65818.27
MG9553/15,Extra,2026-03,265.05,463.83,302.0,534,328,663,2.02,247685.22,106148.52,99056.0,-53080.24
MG9553/15,Extra,2026-04,265.05,463.83,302.0,0,353,310,0.88,0.0,0.0,106606.0,-57125.99
MG9553/15,Noon,2025-10,265.05,463.83,548.26,145,241,29,0.12,67255.35,28823.1,132130.66,20347.63
MG9553/15,Noon,2025-11,265.05,463.83,382.19639639639644,377,177,229,1.29,174863.91,74940.06,67648.76,-14449.15
MG9553/15,Noon,2025-12,265.05,463.83,442.5140939597316,214,167,276,1.65,99259.62,42538.92,73899.85,-3559.76
MG9553/15,Noon,2026-01,265.05,463.83,508.24484848484843,60,147,189,1.29,27829.8,11926.8,74711.99,6528.98
MG9553/15,Noon,2026-02,265.05,463.83,451.4537037037037,0,167,22,0.13,0.0,0.0,75392.77,-2066.84
MG9553/15,Noon,2026-03,265.05,463.83,497.2983870967742,250,149,123,0.83,115957.5,49695.0,74097.46,4986.79
MG9553/15,Noon,2026-04,265.05,463.83,482.3233333333334,120,169,74,0.44,55659.6,23853.6,81512.64,3125.37
MG9553/15,Saco,2025-10,265.05,463.83,550.1008510638299,602,584,173,0.3,279225.66,119665.56,321258.9,50382.18
MG9553/15,Saco,2025-11,265.05,463.83,376.5050505050505,243,387,29,0.07,112710.69,48303.54,145707.45,-33794.76
MG9553/15,Saco,2025-12,265.05,463.83,409.66442953020135,816,402,443,1.1,378485.28,162204.48,164685.1,-21774.56
MG9553/15,Saco,2026-01,265.05,463.83,432.3666666666667,40,308,175,0.57,18553.2,7951.2,133168.93,-9690.71
MG9553/15,Saco,2026-02,265.05,463.83,559.0,240,386,29,0.08,111319.2,47707.2,215774.0,36735.62
MG9553/15,Saco,2026-03,265.05,463.83,559.0,437,398,68,0.17,202693.71,86866.86,222482.0,37877.66
MG9553/15,Saco,2026-04,265.05,463.83,536.2,716,312,472,1.51,332102.28,142326.48,167294.4,22579.44
NT1650/16,Amazon,2025-10,48.16,84.28,100.5568085106383,773,637,300,0.47,65148.44,27920.76,64054.69,10368.33
NT1650/16,Amazon,2025-11,48.16,84.28,66.9053982300885,141,396,45,0.11,11883.48,5092.92,26494.54,-6880.34
NT1650/16,Amazon,2025-12,48.16,84.28,76.16884353741496,737,449,333,0.74,62114.36,26620.44,34199.81,-3641.91
NT1650/16,Amazon,2026-01,48.16,84.28,79.06851851851852,515,466,382,0.82,43404.2,18601.8,36845.93,-2428.55
NT1650/16,Amazon,2026-02,48.16,84.28,59.13058823529412,346,448,280,0.62,29160.88,12497.52,26490.5,-11266.94
NT1650/16,Amazon,2026-03,48.16,84.28,87.85333333333332,921,375,826,2.2,77621.88,33266.52,32945.0,1340.0
NT1650/16,Amazon,2026-04,48.16,84.28,88.66666666666667,0,440,386,0.88,0.0,0.0,39013.33,1930.13
NT1650/16,Lulu,2025-10,48.16,84.28,96.19659574468085,815,561,378,0.67,68688.2,29437.8,53966.29,6685.21
NT1650/16,Lulu,2025-11,48.16,84.28,90.125,792,462,708,1.53,66749.76,28607.04,41637.75,2700.39
NT1650/16,Lulu,2025-12,48.16,84.28,95.14093959731544,0,400,308,0.77,0.0,0.0,38056.38,4344.38
NT1650/16,Lulu,2026-01,48.16,84.28,92.45161290322581,777,390,695,1.78,65485.56,28065.24,36056.13,3186.93
NT1650/16,Lulu,2026-02,48.16,84.28,90.0,0,443,252,0.57,0.0,0.0,39870.0,2533.96
NT1650/16,Lulu,2026-03,48.16,84.28,89.0,526,401,377,0.94,44331.28,18999.12,35689.0,1892.72
NT1650/16,Lulu,2026-04,48.16,84.28,89.0,268,430,215,0.5,22587.04,9680.16,38270.0,2029.6
NT1650/16,Nahdi,2025-10,48.16,84.28,80.0936170212766,316,320,145,0.45,26632.48,11413.92,25629.96,-1339.64
NT1650/16,Nahdi,2025-11,48.16,84.28,89.67578947368422,506,255,396,1.55,42645.68,18276.72,22867.33,1375.93
NT1650/16,Nahdi,2025-12,48.16,84.28,81.40409395973155,0,235,161,0.69,0.0,0.0,19129.96,-675.84
NT1650/16,Nahdi,2026-01,48.16,84.28,56.73225806451613,124,229,56,0.24,10450.72,4478.88,12991.69,-6308.43
NT1650/16,Nahdi,2026-02,48.16,84.28,65.83192307692308,201,204,53,0.26,16940.28,7260.12,13429.71,-3763.41
NT1650/16,Nahdi,2026-03,48.16,84.28,54.95,447,202,298,1.48,37673.16,16145.64,11099.9,-5924.66
NT1650/16,Nahdi,2026-04,48.16,84.28,56.442,46,205,139,0.68,3876.88,1661.52,11570.61,-5706.79
NT1650/16,Noon,2025-10,48.16,84.28,92.4676595744681,0,74,114,1.54,0.0,0.0,6842.61,605.89
NT1650/16,Noon,2025-11,48.16,84.28,70.04318181818182,51,64,101,1.58,4298.28,1842.12,4482.76,-911.16
NT1650/16,Noon,2025-12,48.16,84.28,83.24832214765101,35,66,70,1.06,2949.8,1264.2,5494.39,-68.09
NT1650/16,Noon,2026-01,48.16,84.28,80.64999999999999,4,62,12,0.19,337.12,144.48,5000.3,-225.06
NT1650/16,Noon,2026-02,48.16,84.28,93.7,94,68,38,0.56,7922.32,3395.28,6371.6,640.56
NT1650/16,Noon,2026-03,48.16,84.28,88.14838709677419,58,71,25,0.35,4888.24,2094.96,6258.54,274.66
NT1650/16,Noon,2026-04,48.16,84.28,119.3,48,67,6,0.09,4045.44,1733.76,7993.1,2346.34
NT3650/16,Amazon,2025-10,56.17,98.29,122.04574468085106,73,137,87,0.64,7175.17,3074.76,16720.27,3254.54
NT3650/16,Amazon,2025-11,56.17,98.29,73.57543859649122,176,92,171,1.86,17299.04,7413.12,6768.94,-2273.74
NT3650/16,Amazon,2025-12,56.17,98.29,76.66308724832216,59,90,140,1.56,5799.11,2485.08,6899.68,-1946.42
NT3650/16,Amazon,2026-01,56.17,98.29,76.13421052631578,49,80,109,1.36,4816.21,2063.88,6090.74,-1772.46
NT3650/16,Amazon,2026-02,56.17,98.29,64.36807692307693,73,88,94,1.07,7175.17,3074.76,5664.39,-2985.13
NT3650/16,Amazon,2026-03,56.17,98.29,66.273,167,102,159,1.56,16414.43,7034.04,6759.85,-3265.73
NT3650/16,Amazon,2026-04,56.17,98.29,70.0,3,100,62,0.62,294.87,126.36,7000.0,-2829.0
NT3650/16,Extra,2025-10,56.17,98.29,90.39925,176,334,73,0.22,17299.04,7413.12,30193.35,-2635.51
NT3650/16,Extra,2025-11,56.17,98.29,83.0,268,260,81,0.31,26341.72,11288.16,21580.0,-3975.4
NT3650/16,Extra,2025-12,56.17,98.29,92.45637583892618,322,287,116,0.4,31649.38,13562.64,26534.98,-1674.25
NT3650/16,Extra,2026-01,56.17,98.29,106.09677419354838,460,228,348,1.53,45213.4,19375.2,24190.06,1779.94
NT3650/16,Extra,2026-02,56.17,98.29,111.74074074074075,92,253,187,0.74,9042.68,3875.04,28270.41,3403.04
NT3650/16,Extra,2026-03,56.17,98.29,115.0,253,290,150,0.52,24867.37,10656.36,33350.0,4845.9
NT3650/16,Extra,2026-04,56.17,98.29,115.0,422,255,317,1.24,41478.38,17774.64,29325.0,4261.05
NT3650/16,Lulu,2025-10,56.17,98.29,118.21978723404256,9,132,113,0.86,884.61,379.08,15605.01,2630.73
NT3650/16,Lulu,2025-11,56.17,98.29,115.11607142857143,214,108,219,2.03,21034.06,9013.68,12432.54,1817.22
NT3650/16,Lulu,2025-12,56.17,98.29,122.68456375838926,30,118,131,1.11,2948.7,1263.6,14476.78,2878.56
NT3650/16,Lulu,2026-01,56.17,98.29,118.54838709677419,92,109,114,1.05,9042.68,3875.04,12921.77,2208.16
NT3650/16,Lulu,2026-02,56.17,98.29,115.0,20,98,36,0.37,1965.8,842.4,11270.0,1637.58
NT3650/16,Lulu,2026-03,56.17,98.29,110.26666666666667,171,103,104,1.01,16807.59,7202.52,11357.47,1233.6
NT3650/16,Lulu,2026-04,56.17,98.29,115.0,30,105,29,0.28,2948.7,1263.6,12075.0,1754.55
NT3650/16,Nahdi,2025-10,56.17,98.29,94.2872340425532,0,104,99,0.95,0.0,0.0,9805.87,-416.29
NT3650/16,Nahdi,2025-11,56.17,98.29,101.00947368421052,68,77,90,1.17,6683.72,2864.16,7777.73,209.4
NT3650/16,Nahdi,2025-12,56.17,98.29,91.50671140939598,36,63,63,1.0,3538.44,1516.32,5764.92,-427.35
NT3650/16,Nahdi,2026-01,56.17,98.29,60.365483870967736,28,80,11,0.14,2752.12,1179.36,4829.24,-3033.96
NT3650/16,Nahdi,2026-02,56.17,98.29,72.05846153846154,118,61,68,1.11,11598.22,4970.16,4395.57,-1600.12
NT3650/16,Nahdi,2026-03,56.17,98.29,59.95,129,69,128,1.86,12679.41,5433.48,4136.55,-2645.46
NT3650/16,Nahdi,2026-04,56.17,98.29,62.016,0,61,67,1.1,0.0,0.0,3782.98,-2212.71
NT3650/16,Noon,2025-10,56.17,98.29,114.55425531914894,227,330,15,0.05,22311.83,9561.24,37802.9,5367.2
NT3650/16,Noon,2025-11,56.17,98.29,83.61981981981981,276,242,49,0.2,27128.04,11625.12,20236.0,-3550.18
NT3650/16,Noon,2025-12,56.17,98.29,85.39597315436242,559,241,367,1.52,54944.11,23545.08,20580.43,-3107.46
NT3650/16,Noon,2026-01,56.17,98.29,90.11212121212121,90,216,241,1.12,8846.1,3790.8,19464.22,-1766.42
NT3650/16,Noon,2026-02,56.17,98.29,88.00384615384615,138,251,128,0.51,13564.02,5812.56,22088.97,-2581.82
NT3650/16,Noon,2026-03,56.17,98.29,84.9,496,207,417,2.01,48751.84,20891.52,17574.3,-2771.73
NT3650/16,Noon,2026-04,56.17,98.29,82.0,137,259,295,1.14,13465.73,5770.44,21238.0,-4219.11
NT5650/16,Amazon,2025-10,61.31,107.29,131.84170212765957,371,471,54,0.11,39804.59,17058.58,62097.44,11563.85
NT5650/16,Amazon,2025-11,61.31,107.29,84.62295081967213,477,279,252,0.9,51177.33,21932.46,23609.8,-6324.11
NT5650/16,Amazon,2025-12,61.31,107.29,93.21052631578948,513,294,471,1.6,55039.77,23587.74,27403.89,-4139.37
NT5650/16,Amazon,2026-01,61.31,107.29,102.10321428571429,0,282,189,0.67,0.0,0.0,28793.11,-1462.67
NT5650/16,Amazon,2026-02,61.31,107.29,92.17153846153846,474,249,414,1.66,50855.46,21794.52,22950.71,-3764.5
NT5650/16,Amazon,2026-03,61.31,107.29,94.66666666666667,25,283,156,0.55,2682.25,1149.5,26790.67,-3572.4
NT5650/16,Amazon,2026-04,61.31,107.29,119.0,252,318,90,0.28,27037.08,11586.96,37842.0,3723.78
NT5650/16,Dawa,2025-10,61.31,107.29,120.28319148936171,170,329,19,0.06,18239.3,7816.6,39573.17,4274.76
NT5650/16,Dawa,2025-11,61.31,107.29,86.05765765765766,685,198,506,2.56,73493.65,31496.3,17039.42,-4204.0
NT5650/16,Dawa,2025-12,61.31,107.29,106.8925,0,249,257,1.03,0.0,0.0,26616.23,-98.98
NT5650/16,Dawa,2026-01,61.31,107.29,103.19833333333332,217,227,247,1.09,23281.93,9977.66,23426.02,-928.81
NT5650/16,Dawa,2026-02,61.31,107.29,105.95619047619047,386,248,385,1.55,41413.94,17748.28,26277.14,-330.78
NT5650/16,Dawa,2026-03,61.31,107.29,107.25,191,231,345,1.49,20492.39,8782.18,24774.75,-9.24
NT5650/16,Dawa,2026-04,61.31,107.29,110.825,0,229,116,0.51,0.0,0.0,25378.92,809.51
NT5650/16,Extra,2025-10,61.31,107.29,97.1755,0,126,63,0.5,0.0,0.0,12244.11,-1274.43
NT5650/16,Extra,2025-11,61.31,107.29,90.9298245614035,166,93,136,1.46,17810.14,7632.68,8456.47,-1521.5
NT5650/16,Extra,2025-12,61.31,107.29,101.89261744966443,129,118,147,1.25,13840.41,5931.42,12023.33,-636.89
NT5650/16,Extra,2026-01,61.31,107.29,111.3225806451613,22,95,74,0.78,2360.38,1011.56,10575.65,383.1
NT5650/16,Extra,2026-02,61.31,107.29,110.8076923076923,62,118,18,0.15,6651.98,2850.76,13075.31,415.09
NT5650/16,Extra,2026-03,61.31,107.29,120.48387096774194,159,104,73,0.7,17059.11,7310.82,12530.32,1372.16
NT5650/16,Extra,2026-04,61.31,107.29,123.26666666666667,195,92,176,1.91,20921.55,8966.1,11340.53,1469.85
NT5650/16,Lulu,2025-10,61.31,107.29,128.08021276595747,36,74,121,1.64,3862.44,1655.28,9477.94,1538.48
NT5650/16,Lulu,2025-11,61.31,107.29,140.0,0,54,67,1.24,0.0,0.0,7560.0,1766.34
NT5650/16,Lulu,2025-12,61.31,107.29,140.0,105,67,105,1.57,11265.45,4827.9,9380.0,2191.57
NT5650/16,Lulu,2026-01,61.31,107.29,140.0,0,58,47,0.81,0.0,0.0,8120.0,1897.18
NT5650/16,Lulu,2026-02,61.31,107.29,140.0,100,58,89,1.53,10729.0,4598.0,8120.0,1897.18
NT5650/16,Lulu,2026-03,61.31,107.29,140.0,91,56,124,2.21,9763.39,4184.18,7840.0,1831.76
NT5650/16,Lulu,2026-04,61.31,107.29,140.0,25,53,96,1.81,2682.25,1149.5,7420.0,1733.63
NT5650/16,Nahdi,2025-10,61.31,107.29,106.47340425531915,88,227,29,0.13,9441.52,4046.24,24169.46,-185.37
NT5650/16,Nahdi,2025-11,61.31,107.29,110.39456140350877,363,143,249,1.74,38946.27,16690.74,15786.42,443.95
NT5650/16,Nahdi,2025-12,61.31,107.29,108.4361744966443,168,177,240,1.36,18024.72,7724.64,19193.2,202.87
NT5650/16,Nahdi,2026-01,61.31,107.29,98.13903225806452,85,155,170,1.1,9119.65,3908.3,15211.55,-1418.4
NT5650/16,Nahdi,2026-02,61.31,107.29,97.23,28,155,43,0.28,3004.12,1287.44,15070.65,-1559.3
NT5650/16,Nahdi,2026-03,61.31,107.29,79.95,282,160,165,1.03,30255.78,12966.36,12792.0,-4374.4
NT5650/16,Nahdi,2026-04,61.31,107.29,83.922,211,158,218,1.38,22638.19,9701.78,13259.68,-3692.14
NT5650/16,Noon,2025-10,61.31,107.29,125.97978723404256,903,500,571,1.14,96882.87,41519.94,62989.89,9344.89
NT5650/16,Noon,2025-11,61.31,107.29,88.01171171171171,420,311,680,2.19,45061.8,19311.6,27371.64,-5995.55
NT5650/16,Noon,2025-12,61.31,107.29,88.28479729729729,84,269,495,1.84,9012.36,3862.32,23748.61,-5112.4
NT5650/16,Noon,2026-01,61.31,107.29,101.95161290322581,15,317,193,0.61,1609.35,689.7,32318.66,-1692.27
NT5650/16,Noon,2026-02,61.31,107.29,94.23440000000001,510,275,428,1.56,54717.9,23449.8,25914.46,-3590.29
NT5650/16,Noon,2026-03,61.31,107.29,95.66666666666667,555,264,719,2.72,59545.95,25518.9,25256.0,-3068.56
NT5650/16,Noon,2026-04,61.31,107.29,117.31666666666666,0,350,369,1.05,0.0,0.0,41060.83,3509.33
NT5650/16,Saco,2025-10,61.31,107.29,130.6827659574468,0,143,153,1.07,0.0,0.0,18687.64,3345.17
NT5650/16,Saco,2025-11,61.31,107.29,109.04040404040404,70,107,116,1.08,7510.3,3218.6,11667.32,187.29
NT5650/16,Saco,2025-12,61.31,107.29,127.44295302013423,59,93,82,0.88,6330.11,2712.82,11852.19,1874.22
NT5650/16,Saco,2026-01,61.31,107.29,131.06451612903226,164,94,152,1.62,17595.56,7540.72,12320.06,2234.8
NT5650/16,Saco,2026-02,61.31,107.29,127.6923076923077,138,84,206,2.45,14806.02,6345.24,10726.15,1713.79
NT5650/16,Saco,2026-03,61.31,107.29,137.6451612903226,0,86,120,1.4,0.0,0.0,11837.48,2610.54
NT5650/16,Saco,2026-04,61.31,107.29,130.2,114,103,131,1.27,12231.06,5241.72,13410.6,2359.73
PQ206/18,Extra,2025-10,37.4,65.46,64.67575000000001,474,495,120,0.24,31028.04,13300.44,32014.5,-388.2
PQ206/18,Extra,2025-11,37.4,65.46,59.0,351,458,13,0.03,22976.46,9849.06,27022.0,-2958.68
PQ206/18,Extra,2025-12,37.4,65.46,63.79054054054054,1036,444,605,1.36,67816.56,29070.16,28323.0,-741.24
PQ206/18,Extra,2026-01,37.4,65.46,68.70967741935483,540,377,768,2.04,35348.4,15152.4,25903.55,1225.13
PQ206/18,Extra,2026-02,37.4,65.46,64.0,145,418,495,1.18,9491.7,4068.7,26752.0,-610.28
PQ206/18,Extra,2026-03,37.4,65.46,64.0,492,440,547,1.24,32206.32,13805.52,28160.0,-642.4
PQ206/18,Extra,2026-04,37.4,65.46,64.0,47,384,210,0.55,3076.62,1318.82,24576.0,-560.64
PQ206/18,Lulu,2025-10,37.4,65.46,79.67957446808511,535,698,25,0.04,35021.1,15012.1,55616.34,9925.26
PQ206/18,Saco,2025-10,37.4,65.46,79.13851063829787,348,567,47,0.08,22780.08,9764.88,44871.54,7755.72
PQ206/18,Saco,2025-11,37.4,65.46,61.60606060606061,883,401,529,1.32,57801.18,24776.98,24704.03,-1545.43
PQ206/18,Saco,2025-12,37.4,65.46,66.35570469798658,649,457,721,1.58,42483.54,18210.94,30324.56,409.34
PQ206/18,Saco,2026-01,37.4,65.46,72.41935483870968,39,512,248,0.48,2552.94,1094.34,37078.71,3563.19
PQ206/18,Saco,2026-02,37.4,65.46,68.03846153846153,882,399,731,1.83,57735.72,24748.92,27147.35,1028.81
PQ206/18,Saco,2026-03,37.4,65.46,82.96774193548387,0,488,243,0.5,0.0,0.0,40488.26,8543.78
PQ206/18,Saco,2026-04,37.4,65.46,76.6,500,406,337,0.83,32730.0,14030.0,31099.6,4522.84
PQ888/06,Extra,2025-10,123.18,215.57,201.18525,320,385,116,0.3,68982.4,29564.8,77456.32,-5538.13
PQ888/06,Extra,2025-11,123.18,215.57,199.0,411,290,237,0.82,88599.27,37972.29,57710.0,-4805.3
PQ888/06,Extra,2025-12,123.18,215.57,217.18120805369128,219,255,201,0.79,47209.83,20233.41,55381.21,410.86
PQ888/06,Extra,2026-01,123.18,215.57,234.19354838709677,330,257,274,1.07,71138.1,30488.7,60187.74,4786.25
PQ888/06,Extra,2026-02,123.18,215.57,213.0,459,295,438,1.48,98946.63,42407.01,62835.0,-758.15
PQ888/06,Extra,2026-03,123.18,215.57,207.1290322580645,143,268,313,1.17,30826.51,13211.77,55510.58,-2262.18
PQ888/06,Extra,2026-04,123.18,215.57,211.93333333333334,326,290,349,1.2,70275.82,30119.14,61460.67,-1054.63
PQ888/06,Lulu,2025-10,123.18,215.57,259.9868085106383,195,202,104,0.51,42036.15,18016.05,52517.34,8972.2
PQ888/06,Saco,2025-10,123.18,215.57,267.5029787234042,215,257,114,0.44,46347.55,19863.85,68748.27,13346.78
PQ888/06,Saco,2025-11,123.18,215.57,206.72448979591837,182,185,111,0.6,39233.74,16814.98,38244.03,-1636.42
PQ888/06,Saco,2025-12,123.18,215.57,225.20805369127515,125,195,41,0.21,26946.25,11548.75,43915.57,1879.42
PQ888/06,Saco,2026-01,123.18,215.57,252.83870967741936,129,155,15,0.1,27808.53,11918.31,39190.0,5776.65
PQ888/06,Saco,2026-02,123.18,215.57,227.1153846153846,499,179,335,1.87,107569.43,46102.61,40653.65,2066.62
PQ888/06,Saco,2026-03,123.18,215.57,271.9032258064516,63,179,219,1.22,13580.91,5820.57,48670.68,10083.65
PQ888/06,Saco,2026-04,123.18,215.57,252.8,0,166,53,0.32,0.0,0.0,41964.8,6180.18
QP1424/10,Amazon,2025-10,56.64,99.12,125.6940425531915,387,371,132,0.36,38359.44,16439.76,46632.49,9858.97
QP1424/10,Dawa,2025-10,56.64,99.12,107.5772340425532,266,225,286,1.27,26365.92,11299.68,24204.88,1902.88
QP1424/10,Dawa,2025-11,56.64,99.12,81.66232142857143,93,218,161,0.74,9218.16,3950.64,17802.39,-3805.77
QP1424/10,Dawa,2025-12,56.64,99.12,101.52985401459854,61,206,16,0.08,6046.32,2591.28,20915.15,496.43
QP1424/10,Dawa,2026-01,56.64,99.12,98.62607142857142,640,176,480,2.73,63436.8,27187.2,17358.19,-86.93
QP1424/10,Dawa,2026-02,56.64,99.12,100.87380952380951,22,214,288,1.35,2180.64,934.56,21587.0,375.32
QP1424/10,Dawa,2026-03,56.64,99.12,101.78,0,201,87,0.43,0.0,0.0,20457.78,534.66
QP1424/10,Dawa,2026-04,56.64,99.12,105.17,178,175,90,0.51,17643.36,7561.44,18404.75,1058.75
QP1424/10,Lulu,2025-10,56.64,99.12,120.78063829787233,381,434,224,0.52,37764.72,16184.88,52418.8,9400.72
QP1424/10,Lulu,2025-11,56.64,99.12,130.0,248,336,136,0.4,24581.76,10535.04,43680.0,10375.68
QP1424/10,Lulu,2025-12,56.64,99.12,114.93959731543625,258,297,97,0.33,25572.96,10959.84,34137.06,4698.42
QP1424/10,Lulu,2026-01,56.64,99.12,111.64516129032258,302,260,139,0.53,29934.24,12828.96,29027.74,3256.54
QP1424/10,Lulu,2026-02,56.64,99.12,115.38461538461539,253,318,74,0.23,25077.36,10747.44,36692.31,5172.15
QP1424/10,Lulu,2026-03,56.64,99.12,110.9,638,295,417,1.41,63238.56,27102.24,32715.5,3475.1
QP1424/10,Lulu,2026-04,56.64,99.12,109.0,5,278,144,0.52,495.6,212.4,30302.0,2746.64
QP1424/10,Nahdi,2025-10,56.64,99.12,99.28021276595744,263,477,29,0.06,26068.56,11172.24,47356.66,76.42
QP1424/10,Nahdi,2025-11,56.64,99.12,100.34473684210528,482,375,136,0.36,47775.84,20475.36,37629.28,459.28
QP1424/10,Nahdi,2025-12,56.64,99.12,98.97919463087248,308,379,65,0.17,30528.96,13083.84,37513.11,-53.37
QP1424/10,Nahdi,2026-01,56.64,99.12,96.56129032258065,559,366,258,0.7,55408.08,23746.32,35341.43,-936.49
QP1424/10,Nahdi,2026-02,56.64,99.12,93.1923076923077,280,384,154,0.4,27753.6,11894.4,35785.85,-2276.23
QP1424/10,Nahdi,2026-03,56.64,99.12,86.9225806451613,370,419,105,0.25,36674.4,15717.6,36420.56,-5110.72
QP1424/10,Nahdi,2026-04,56.64,99.12,97.27199999999999,474,357,222,0.62,46982.88,20135.52,34726.1,-659.74
QP1424/10,Noon,2025-10,56.64,99.12,116.2704255319149,302,355,102,0.29,29934.24,12828.96,41276.0,6088.4
QP1424/10,Noon,2025-11,56.64,99.12,90.50221238938053,340,289,153,0.53,33700.8,14443.2,26155.14,-2490.54
QP1424/10,Noon,2025-12,56.64,99.12,93.85906040268456,258,255,156,0.61,25572.96,10959.84,23934.06,-1341.54
QP1424/10,Noon,2026-01,56.64,99.12,92.58064516129032,127,254,29,0.11,12588.24,5394.96,23515.48,-1661.0
QP1424/10,Noon,2026-02,56.64,99.12,92.85961538461538,501,267,263,0.99,49659.12,21282.48,24793.52,-1671.52
QP1424/10,Noon,2026-03,56.64,99.12,101.35806451612903,129,266,126,0.47,12786.48,5479.92,26961.25,595.33
QP1424/10,Noon,2026-04,56.64,99.12,109.83,500,283,343,1.21,49560.0,21240.0,31081.89,3030.93
QP220/51,Dawa,2025-10,57.62,100.83,113.39787234042552,257,468,6,0.01,25913.31,11104.97,53070.2,5881.76
QP220/51,Dawa,2025-11,57.62,100.83,82.17612612612614,643,381,268,0.7,64833.69,27784.03,31309.1,-7107.13
QP220/51,Dawa,2025-12,57.62,100.83,102.0688489208633,710,288,690,2.4,71589.3,30679.1,29395.83,356.79
QP220/51,Dawa,2026-01,57.62,100.83,99.24392857142857,270,282,678,2.4,27224.1,11666.7,27986.79,-447.27
QP220/51,Dawa,2026-02,57.62,100.83,101.115,0,346,332,0.96,0.0,0.0,34985.79,98.61
QP220/51,Dawa,2026-03,57.62,100.83,102.41,419,312,439,1.41,42247.77,18104.99,31951.92,492.96
QP220/51,Dawa,2026-04,57.62,100.83,105.825,555,306,688,2.25,55960.65,23981.55,32382.45,1528.47
QP220/51,Extra,2025-10,57.62,100.83,100.50725,458,531,95,0.18,46180.14,19790.18,53369.35,-171.38
QP220/51,Extra,2025-11,57.62,100.83,105.0,662,375,382,1.02,66749.46,28605.02,39375.0,1563.75
QP220/51,Extra,2025-12,57.62,100.83,112.02013422818791,765,348,799,2.3,77134.95,33055.65,38983.01,3894.17
QP220/51,Extra,2026-01,57.62,100.83,122.29032258064517,2,462,339,0.73,201.66,86.42,56498.13,9914.67
QP220/51,Extra,2026-02,57.62,100.83,119.0,220,371,188,0.51,22182.6,9506.2,44149.0,6741.07
QP220/51,Extra,2026-03,57.62,100.83,119.0,1302,433,1057,2.44,131280.66,56259.42,51527.0,7867.61
QP220/51,Extra,2026-04,57.62,100.83,119.0,0,437,620,1.42,0.0,0.0,52003.0,7940.29
QP220/51,Lulu,2025-10,57.62,100.83,121.19063829787234,301,308,189,0.61,30349.83,13006.21,37326.72,6271.08
QP220/51,Lulu,2025-11,57.62,100.83,119.11607142857143,52,165,76,0.46,5243.16,2246.92,19654.15,3017.2
QP220/51,Lulu,2025-12,57.62,100.83,126.68456375838926,354,214,216,1.01,35693.82,15296.34,27110.5,5532.88
QP220/51,Lulu,2026-01,57.62,100.83,122.54838709677419,143,194,165,0.85,14418.69,6179.03,23774.39,4213.37
QP220/51,Lulu,2026-02,57.62,100.83,119.0,386,200,351,1.76,38920.38,16679.06,23800.0,3634.0
QP220/51,Lulu,2026-03,57.62,100.83,111.2,0,201,150,0.75,0.0,0.0,22351.2,2084.37
QP220/51,Lulu,2026-04,57.62,100.83,99.0,296,211,235,1.11,29845.68,12790.16,20889.0,-386.13
QP220/51,Nahdi,2025-10,57.62,100.83,99.41127659574468,0,98,122,1.24,0.0,0.0,9742.31,-139.03
QP220/51,Nahdi,2025-11,57.62,100.83,82.2,36,78,80,1.03,3629.88,1555.56,6411.6,-1453.14
QP220/51,Nahdi,2025-12,57.62,100.83,83.90711409395973,79,73,86,1.18,7965.57,3413.59,6125.22,-1235.37
QP220/51,Nahdi,2026-01,57.62,100.83,63.375,109,79,116,1.47,10990.47,4709.89,5006.62,-2958.95
QP220/51,Nahdi,2026-02,57.62,100.83,77.11307692307692,55,83,88,1.06,5545.65,2376.55,6400.39,-1968.5
QP220/51,Nahdi,2026-03,57.62,100.83,59.01,0,66,22,0.33,0.0,0.0,3894.66,-2760.12
QP220/51,Nahdi,2026-04,57.62,100.83,63.727999999999994,181,83,120,1.45,18250.23,7821.01,5289.42,-3079.47
QP220/51,Noon,2025-10,57.62,100.83,118.59382978723404,685,447,420,0.94,69068.55,29598.85,53011.44,7940.43
QP220/51,Noon,2025-11,57.62,100.83,107.35438596491228,429,305,544,1.78,43256.07,18537.09,32743.09,1989.94
QP220/51,Noon,2025-12,57.62,100.83,111.3768456375839,0,310,234,0.75,0.0,0.0,34526.82,3269.52
QP220/51,Noon,2026-01,57.62,100.83,111.21774193548387,314,342,206,0.6,31660.62,13567.94,38036.47,3552.61
QP220/51,Noon,2026-02,57.62,100.83,104.46153846153847,287,374,119,0.32,28938.21,12401.27,39068.62,1358.2
QP220/51,Noon,2026-03,57.62,100.83,100.87096774193549,517,313,323,1.03,52129.11,22339.57,31572.61,12.82
QP220/51,Noon,2026-04,57.62,100.83,102.71428571428571,472,306,489,1.6,47591.76,20395.12,31430.57,576.59
QP220/51,Saco,2025-10,57.62,100.83,124.56872340425532,340,475,14,0.03,34282.2,14691.4,59170.14,11275.89
QP220/51,Saco,2025-11,57.62,100.83,113.06060606060606,373,325,62,0.19,37609.59,16117.33,36744.7,3974.95
QP220/51,Saco,2025-12,57.62,100.83,121.30872483221476,614,323,353,1.09,61909.62,26530.94,39182.72,6614.63
QP220/51,Saco,2026-01,57.62,100.83,122.90322580645162,249,330,272,0.82,25106.67,10759.29,40558.06,7284.16
QP220/51,Saco,2026-02,57.62,100.83,122.07692307692308,378,314,336,1.07,38113.74,16333.38,38332.15,6671.53
QP220/51,Saco,2026-03,57.62,100.83,133.4516129032258,120,261,195,0.75,12099.6,5185.2,34830.87,8514.24
QP220/51,Saco,2026-04,57.62,100.83,120.6,323,287,231,0.8,32568.09,13956.83,34612.2,5673.99
QP2724/10,Dawa,2025-10,79.98,139.96,154.76574468085107,91,178,107,0.6,12736.36,5458.18,27548.3,2635.42
QP2724/10,Dawa,2025-11,79.98,139.96,115.57927272727274,68,131,44,0.34,9517.28,4078.64,15140.88,-3193.88
QP2724/10,Dawa,2025-12,79.98,139.96,143.62532374100718,113,148,9,0.06,15815.48,6777.74,21256.55,542.47
QP2724/10,Dawa,2026-01,79.98,139.96,138.59766666666667,161,120,50,0.42,22533.56,9656.78,16631.72,-163.48
QP2724/10,Dawa,2026-02,79.98,139.96,143.65550000000002,273,132,191,1.45,38209.08,16374.54,18962.53,487.81
QP2724/10,Dawa,2026-03,79.98,139.96,144.04,26,142,75,0.53,3638.96,1559.48,20453.68,579.36
QP2724/10,Dawa,2026-04,79.98,139.96,148.83999999999997,78,145,8,0.06,10916.88,4678.44,21581.8,1287.6
QP2724/10,Nahdi,2025-10,79.98,139.96,135.30106382978724,93,177,91,0.51,13016.28,5578.14,23948.29,-824.63
QP2724/10,Nahdi,2025-11,79.98,139.96,76.55789473684212,116,154,53,0.34,16235.36,6957.68,11789.92,-9763.92
QP2724/10,Nahdi,2025-12,79.98,139.96,74.97919463087248,215,124,144,1.16,30091.4,12895.7,9297.42,-8057.62
QP2724/10,Nahdi,2026-01,79.98,139.96,73.87096774193549,230,128,246,1.92,32190.8,13795.4,9455.48,-8459.4
QP2724/10,Nahdi,2026-02,79.98,139.96,70.79392857142857,0,161,85,0.53,0.0,0.0,11397.82,-11135.74
QP2724/10,Nahdi,2026-03,79.98,139.96,67.14193548387095,97,153,29,0.19,13576.12,5818.06,10272.72,-11141.16
QP2724/10,Nahdi,2026-04,79.98,139.96,74.05,328,128,229,1.79,45906.88,19673.44,9478.4,-8436.48
QP2724/10,Noon,2025-10,79.98,139.96,163.86617021276595,434,664,19,0.03,60742.64,26031.32,108807.14,15873.7
QP2724/10,Noon,2025-11,79.98,139.96,113.60909090909091,670,467,222,0.48,93773.2,40186.6,53055.45,-12305.87
QP2724/10,Noon,2025-12,79.98,139.96,114.28355704697987,813,503,532,1.06,113787.48,48763.74,57484.63,-12915.25
QP2724/10,Noon,2026-01,79.98,139.96,118.99677419354839,573,452,653,1.44,80197.08,34368.54,53786.54,-9475.38
QP2724/10,Noon,2026-02,79.98,139.96,133.07399999999998,440,538,555,1.03,61582.4,26391.2,71593.81,-3704.67
QP2724/10,Noon,2026-03,79.98,139.96,145.5,488,532,511,0.96,68300.48,29270.24,77406.0,2947.28
QP2724/10,Noon,2026-04,79.98,139.96,163.08333333333334,744,462,793,1.72,104130.24,44625.12,75344.5,10682.98
QP2724/20,Amazon,2025-10,87.86,153.76,192.37936170212765,397,397,124,0.31,61042.72,26162.3,76374.61,15331.89
QP2724/20,Amazon,2025-11,87.86,153.76,112.83781818181818,264,283,105,0.37,40592.64,17397.6,31933.1,-11580.98
QP2724/20,Amazon,2025-12,87.86,153.76,121.32608695652173,569,273,401,1.47,87489.44,37497.1,33122.02,-8854.46
QP2724/20,Amazon,2026-01,87.86,153.76,131.28967741935483,191,261,331,1.27,29368.16,12586.9,34266.61,-5864.75
QP2724/20,Amazon,2026-02,87.86,153.76,125.53884615384617,83,271,143,0.53,12762.08,5469.7,34021.03,-7647.93
QP2724/20,Amazon,2026-03,87.86,153.76,127.10000000000001,506,249,400,1.61,77802.56,33345.4,31647.9,-6638.34
QP2724/20,Amazon,2026-04,87.86,153.76,152.374,0,299,101,0.34,0.0,0.0,45559.83,-414.41
QP2724/20,Extra,2025-10,87.86,153.76,137.12175,283,575,5,0.01,43514.08,18649.7,78845.01,-9566.99
QP2724/20,Extra,2025-11,87.86,153.76,116.63157894736842,444,436,13,0.03,68269.44,29259.6,50851.37,-16187.99
QP2724/20,Extra,2025-12,87.86,153.76,131.8255033557047,763,394,382,0.97,117318.88,50281.7,51939.25,-8642.19
QP2724/20,Extra,2026-01,87.86,153.76,147.09677419354838,359,370,371,1.0,55199.84,23658.1,54425.81,-2465.39
QP2724/20,Extra,2026-02,87.86,153.76,152.46153846153845,201,393,179,0.46,30905.76,13245.9,59917.38,-510.3
QP2724/20,Extra,2026-03,87.86,153.76,161.6451612903226,699,419,459,1.1,107478.24,46064.1,67729.32,3303.88
QP2724/20,Extra,2026-04,87.86,153.76,165.0,250,464,245,0.53,38440.0,16475.0,76560.0,5215.36
QP2724/20,Lulu,2025-10,87.86,153.76,184.13872340425533,91,237,99,0.42,13992.16,5996.9,43640.88,7199.76
QP2724/20,Lulu,2025-11,87.86,153.76,167.29464285714286,239,227,111,0.49,36748.64,15750.1,37975.88,3072.36
QP2724/20,Lulu,2025-12,87.86,153.76,169.8791946308725,503,236,378,1.6,77341.28,33147.7,40091.49,3804.13
QP2724/20,Lulu,2026-01,87.86,153.76,168.19354838709677,26,210,194,0.92,3997.76,1713.4,35320.65,3031.05
QP2724/20,Lulu,2026-02,87.86,153.76,200.0,130,233,91,0.39,19988.8,8567.0,46600.0,10773.92
QP2724/20,Lulu,2026-03,87.86,153.76,200.0,349,216,224,1.04,53662.24,22999.1,43200.0,9987.84
QP2724/20,Lulu,2026-04,87.86,153.76,200.0,342,222,344,1.55,52585.92,22537.8,44400.0,10265.28
QP2724/20,Noon,2025-10,87.86,153.76,179.16404255319148,522,545,137,0.25,80262.72,34399.8,97644.4,13845.2
QP2724/20,Noon,2025-11,87.86,153.76,120.21467889908257,443,436,144,0.33,68115.68,29193.7,52413.6,-14625.76
QP2724/20,Noon,2025-12,87.86,153.76,133.68590604026846,639,405,378,0.93,98252.64,42110.1,54142.79,-8130.01
QP2724/20,Noon,2026-01,87.86,153.76,134.0,448,414,412,1.0,68884.48,29523.2,55476.0,-8180.64
QP2724/20,Noon,2026-02,87.86,153.76,138.09444444444446,176,413,175,0.42,27061.76,11598.4,57033.01,-6469.87
QP2724/20,Noon,2026-03,87.86,153.76,158.44310344827588,822,449,548,1.22,126390.72,54169.8,71140.95,2102.71
QP2724/20,Noon,2026-04,87.86,153.76,184.56666666666666,143,390,301,0.77,21987.68,9423.7,71981.0,12014.6
QP2724/20,Saco,2025-10,87.86,153.76,181.25021276595746,613,706,19,0.03,94254.88,40396.7,127962.65,19408.09
QP2724/20,Saco,2025-11,87.86,153.76,144.0909090909091,982,545,456,0.84,150992.32,64713.8,78529.55,-5269.65
QP2724/20,Saco,2025-12,87.86,153.76,168.23489932885906,567,496,527,1.06,87181.92,37365.3,83444.51,7179.55
QP2724/20,Saco,2026-01,87.86,153.76,163.0625,579,459,647,1.41,89027.04,38156.1,74845.69,4269.85
QP2724/20,Saco,2026-02,87.86,153.76,171.53846153846155,331,570,408,0.72,50894.56,21812.9,97776.92,10133.72
QP2724/20,Saco,2026-03,87.86,153.76,195.70967741935485,777,561,624,1.11,119471.52,51204.3,109793.13,23533.77
QP2724/20,Saco,2026-04,87.86,153.76,184.2,0,545,79,0.14,0.0,0.0,100389.0,16589.8
QP2824/10,Dawa,2025-10,97.02,169.78,192.42893617021275,49,296,35,0.12,8319.22,3565.24,56958.97,6704.09
QP2824/10,Dawa,2025-11,97.02,169.78,144.6470909090909,214,245,4,0.02,36332.92,15570.64,35438.54,-6157.56
QP2824/10,Dawa,2025-12,97.02,169.78,179.58085106382978,230,222,12,0.05,39049.4,16734.8,39866.95,2175.79
QP2824/10,Dawa,2026-01,97.02,169.78,172.5106451612903,442,229,225,0.98,75042.76,32159.92,39504.94,625.32
QP2824/10,Dawa,2026-02,97.02,169.78,179.78,368,274,319,1.16,62479.04,26775.68,49259.72,2740.0
QP2824/10,Dawa,2026-03,97.02,169.78,180.26,70,269,120,0.45,11884.6,5093.2,48489.94,2819.12
QP2824/10,Dawa,2026-04,97.02,169.78,186.27,155,260,15,0.06,26315.9,11277.8,48430.2,4287.4
QP2824/10,Lulu,2025-10,97.02,169.78,210.44404255319148,409,313,330,1.05,69440.02,29758.84,65868.99,12727.85
QP2824/10,Nahdi,2025-10,97.02,169.78,178.32808510638299,254,333,214,0.64,43124.12,18481.04,59383.25,2846.51
QP2824/10,Nahdi,2025-11,97.02,169.78,111.73947368421054,190,255,149,0.58,32258.2,13824.4,28493.57,-14800.33
QP2824/10,Nahdi,2025-12,97.02,169.78,124.81335570469798,252,245,156,0.64,42784.56,18335.52,30579.27,-11016.83
QP2824/10,Nahdi,2026-01,97.02,169.78,111.5667741935484,327,292,191,0.65,55518.06,23792.52,32577.5,-16998.26
QP2824/10,Nahdi,2026-02,97.02,169.78,129.85,288,225,254,1.13,48896.64,20954.88,29216.25,-8984.25
QP2824/10,Nahdi,2026-03,97.02,169.78,114.95,236,291,199,0.68,40068.08,17171.36,33450.45,-15955.53
QP2824/10,Nahdi,2026-04,97.02,169.78,117.05,263,283,179,0.63,44652.14,19135.88,33125.15,-14922.59
QP2824/10,Noon,2025-10,97.02,169.78,206.9276595744681,373,456,117,0.26,63327.94,27139.48,94359.01,16939.33
QP2824/10,Noon,2025-11,97.02,169.78,160.14684684684684,706,415,408,0.98,119864.68,51368.56,66460.94,-3997.76
QP2824/10,Noon,2025-12,97.02,169.78,165.08859060402685,288,452,244,0.54,48896.64,20954.88,74620.04,-2120.52
QP2824/10,Noon,2026-01,97.02,169.78,164.54516129032257,810,416,638,1.53,137521.8,58935.6,68450.79,-2177.69
QP2824/10,Noon,2026-02,97.02,169.78,168.11111111111111,92,457,273,0.6,15619.76,6693.92,76826.78,-762.68
QP2824/10,Noon,2026-03,97.02,169.78,167.34548387096774,759,461,571,1.24,128863.02,55224.84,77146.27,-1122.31
QP2824/10,Noon,2026-04,97.02,169.78,173.28214285714284,0,397,174,0.44,0.0,0.0,68793.01,1390.35
QP630/51,Amazon,2025-10,68.88,120.55,148.62468085106383,127,229,74,0.32,15309.85,6562.09,34035.05,6429.1
QP630/51,Amazon,2025-11,68.88,120.55,100.59854545454546,184,197,61,0.31,22181.2,9507.28,19817.91,-3930.44
QP630/51,Amazon,2025-12,68.88,120.55,99.95,303,183,181,0.99,36526.65,15656.01,18290.85,-3769.8
QP630/51,Amazon,2026-01,68.88,120.55,133.27185185185186,295,154,322,2.09,35562.25,15242.65,20523.87,1959.17
QP630/51,Amazon,2026-02,68.88,120.55,121.88653846153846,109,150,281,1.87,13139.95,5632.03,18282.98,200.48
QP630/51,Amazon,2026-03,68.88,120.55,134.89129032258066,141,178,244,1.37,16997.55,7285.47,24010.65,2552.75
QP630/51,Amazon,2026-04,68.88,120.55,141.196,193,197,240,1.22,23266.15,9972.31,27815.61,4067.26
QP630/51,Dawa,2025-10,68.88,120.55,137.39978723404255,331,598,5,0.01,39902.05,17102.77,82165.07,10076.17
QP630/51,Dawa,2025-11,68.88,120.55,99.6610909090909,902,418,489,1.17,108736.1,46606.34,41658.34,-8731.56
QP630/51,Dawa,2025-12,68.88,120.55,123.72685714285713,0,354,135,0.38,0.0,0.0,43799.31,1124.61
QP630/51,Dawa,2026-01,68.88,120.55,118.95599999999999,542,368,309,0.84,65338.1,28005.14,43775.81,-586.59
QP630/51,Dawa,2026-02,68.88,120.55,123.86949999999999,195,442,62,0.14,23507.25,10075.65,54750.32,1467.22
QP630/51,Dawa,2026-03,68.88,120.55,124.20000000000002,322,359,25,0.07,38817.1,16637.74,44587.8,1310.35
QP630/51,Dawa,2026-04,68.88,120.55,128.34,840,370,495,1.34,101262.0,43402.8,47485.8,2882.3
QP630/51,Extra,2025-10,68.88,120.55,117.127,205,401,23,0.06,24712.75,10592.35,46967.93,-1372.62
QP630/51,Extra,2025-11,68.88,120.55,113.1842105263158,671,354,340,0.96,80889.05,34670.57,40067.21,-2607.49
QP630/51,Extra,2025-12,68.88,120.55,130.30872483221478,240,381,199,0.52,28932.0,12400.8,49647.62,3718.07
QP630/51,Extra,2026-01,68.88,120.55,139.25,409,313,295,0.94,49304.95,21133.03,43585.25,5853.1
QP630/51,Extra,2026-02,68.88,120.55,134.46153846153845,523,334,484,1.45,63047.65,27023.41,44910.15,4646.45
QP630/51,Extra,2026-03,68.88,120.55,142.16129032258064,98,350,232,0.66,11813.9,5063.66,49756.45,7563.95
QP630/51,Extra,2026-04,68.88,120.55,145.0,581,387,426,1.1,70039.55,30020.27,56115.0,9462.15
QP630/51,Lulu,2025-10,68.88,120.55,146.84744680851063,400,309,245,0.79,48220.0,20668.0,45375.86,8125.91
QP630/51,Lulu,2025-11,68.88,120.55,146.11607142857142,83,256,72,0.28,10005.65,4288.61,37405.71,6544.91
QP630/51,Lulu,2025-12,68.88,120.55,147.48322147651007,607,248,431,1.74,73173.85,31363.69,36575.84,6679.44
QP630/51,Lulu,2026-01,68.88,120.55,146.8125,307,285,453,1.59,37008.85,15862.69,41841.56,7484.81
QP630/51,Lulu,2026-02,68.88,120.55,146.0,326,255,524,2.05,39299.3,16844.42,37230.0,6489.75
QP630/51,Lulu,2026-03,68.88,120.55,148.16666666666666,0,226,298,1.32,0.0,0.0,33485.67,6241.37
QP630/51,Lulu,2026-04,68.88,120.55,149.0,228,267,259,0.97,27485.4,11780.76,39783.0,7596.15
QP630/51,Nahdi,2025-10,68.88,120.55,125.33191489361703,0,148,118,0.8,0.0,0.0,18549.12,707.72
QP630/51,Nahdi,2025-11,68.88,120.55,101.08684210526316,0,85,33,0.39,0.0,0.0,8592.38,-1654.37
QP630/51,Nahdi,2025-12,68.88,120.55,102.35644295302014,87,111,9,0.08,10487.85,4495.29,11361.57,-2019.48
QP630/51,Nahdi,2026-01,68.88,120.55,97.31258064516129,300,91,218,2.4,36165.0,15501.0,8855.44,-2114.61
QP630/51,Nahdi,2026-02,68.88,120.55,91.33,0,102,116,1.14,0.0,0.0,9315.66,-2980.44
QP630/51,Nahdi,2026-03,68.88,120.55,69.52,73,97,92,0.95,8800.15,3771.91,6743.44,-4949.91
QP630/51,Nahdi,2026-04,68.88,120.55,75.078,215,107,200,1.87,25918.25,11109.05,8033.35,-4865.5
QP630/51,Noon,2025-10,68.88,120.55,141.62829787234043,213,328,90,0.27,25677.15,11005.71,46454.08,6913.68
QP630/51,Noon,2025-11,68.88,120.55,115.8125,519,277,332,1.2,62565.45,26816.73,32080.06,-1312.29
QP630/51,Noon,2025-12,68.88,120.55,129.0,133,267,198,0.74,16033.15,6872.11,34443.0,2256.15
QP630/51,Noon,2026-01,68.88,120.55,137.46935483870968,264,261,201,0.77,31825.2,13640.88,35879.5,4415.95
QP630/51,Noon,2026-02,68.88,120.55,126.8,410,272,339,1.25,49425.5,21184.7,34489.6,1700.0
QP630/51,Noon,2026-03,68.88,120.55,142.59516129032258,196,269,266,0.99,23627.8,10127.32,38358.1,5930.15
QP630/51,Noon,2026-04,68.88,120.55,141.14285714285714,395,215,446,2.07,47617.25,20409.65,30345.71,4427.46
QP630/51,Saco,2025-10,68.88,120.55,144.9904255319149,348,447,11,0.02,41951.4,17981.16,64810.72,10924.87
QP630/51,Saco,2025-11,68.88,120.55,126.27171717171717,426,381,56,0.15,51354.3,22011.42,48109.52,2179.97
QP630/51,Saco,2025-12,68.88,120.55,146.6979865771812,702,300,458,1.53,84626.1,36272.34,44009.4,7844.4
QP630/51,Saco,2026-01,68.88,120.55,146.41935483870967,0,362,96,0.27,0.0,0.0,53003.81,9364.71
QP630/51,Saco,2026-02,68.88,120.55,148.5,543,386,253,0.66,65458.65,28056.81,57321.0,10788.7
QP630/51,Saco,2026-03,68.88,120.55,157.6451612903226,718,292,679,2.33,86554.9,37099.06,46032.39,10831.79
QP630/51,Saco,2026-04,68.88,120.55,151.6,0,356,323,0.91,0.0,0.0,53969.6,11053.8
QP6530/23,Amazon,2025-10,163.52,286.17,352.61042553191487,77,114,64,0.56,22035.09,9444.05,40197.59,7574.21
QP6530/23,Amazon,2025-11,163.52,286.17,217.2720879120879,157,83,138,1.66,44928.69,19256.05,18033.58,-5718.53
QP6530/23,Amazon,2025-12,163.52,286.17,210.59685950413225,49,71,116,1.63,14022.33,6009.85,14952.38,-5365.69
QP6530/23,Amazon,2026-01,163.52,286.17,203.06000000000003,97,70,143,2.04,27758.49,11897.05,14214.2,-5817.7
QP6530/23,Amazon,2026-02,163.52,286.17,293.44642857142856,28,85,86,1.01,8012.76,3434.2,24942.95,618.5
QP6530/23,Amazon,2026-03,163.52,286.17,298.625,94,89,91,1.02,26899.98,11529.1,26577.62,1108.49
QP6530/23,Amazon,2026-04,163.52,286.17,299.0,94,88,97,1.1,26899.98,11529.1,26312.0,1129.04
QP6530/23,Extra,2025-10,163.52,286.17,244.35700000000003,611,544,314,0.58,174849.87,74939.15,132930.21,-22746.27
QP6530/23,Extra,2025-11,163.52,286.17,185.0,580,339,555,1.64,165978.6,71137.0,62715.0,-34296.63
QP6530/23,Extra,2025-12,163.52,286.17,190.4228187919463,0,407,148,0.36,0.0,0.0,77502.09,-38969.1
QP6530/23,Extra,2026-01,163.52,286.17,193.3548387096774,691,355,484,1.36,197743.47,84751.15,68640.97,-32949.38
QP6530/23,Extra,2026-02,163.52,286.17,186.0,391,432,443,1.03,111892.47,47956.15,80352.0,-43273.44
QP6530/23,Extra,2026-03,163.52,286.17,186.0,717,424,736,1.74,205183.89,87940.05,78864.0,-42472.08
QP6530/23,Extra,2026-04,163.52,286.17,186.0,418,409,745,1.82,119619.06,51267.7,76074.0,-40969.53
QP6530/23,Lulu,2025-10,163.52,286.17,346.5365957446808,7,108,86,0.8,2003.19,858.55,37425.95,6519.59
QP6530/23,Lulu,2025-11,163.52,286.17,243.16071428571428,151,57,180,3.16,43211.67,18520.15,13860.16,-2451.53
QP6530/23,Lulu,2025-12,163.52,286.17,207.2214765100671,0,72,108,1.5,0.0,0.0,14919.95,-5684.29
QP6530/23,Lulu,2026-01,163.52,286.17,198.0,61,63,106,1.68,17456.37,7481.65,12474.0,-5554.71
QP6530/23,Lulu,2026-02,163.52,286.17,372.0,0,75,31,0.41,0.0,0.0,27900.0,6437.25
QP6530/23,Lulu,2026-03,163.52,286.17,372.0,53,62,22,0.35,15167.01,6500.45,23064.0,5321.46
QP6530/23,Lulu,2026-04,163.52,286.17,372.0,54,71,5,0.07,15453.18,6623.1,26412.0,6093.93
QP6530/23,Nahdi,2025-10,163.52,286.17,296.7860465116279,1047,644,527,0.82,299619.99,128414.55,191130.21,6836.73
QP6530/23,Noon,2025-10,163.52,286.17,330.11021276595744,843,482,523,1.09,241241.31,103393.95,159113.12,21179.18
QP6530/23,Noon,2026-01,163.52,286.17,243.0,156,380,299,0.79,44642.52,19133.4,92340.0,-16404.6
QP6530/23,Noon,2026-02,163.52,286.17,186.0,522,423,398,0.94,149380.74,64023.3,78678.0,-42371.91
QP6530/23,Saco,2025-10,163.52,286.17,351.88340425531914,26,129,19,0.15,7440.42,3188.9,45392.96,8477.03
QP6530/23,Saco,2025-11,163.52,286.17,239.0,137,85,71,0.84,39205.29,16803.05,20315.0,-4009.45
QP6530/23,Saco,2025-12,163.52,286.17,239.0,31,84,18,0.21,8871.27,3802.15,20076.0,-3962.28
QP6530/23,Saco,2026-01,163.52,286.17,247.06451612903226,137,82,73,0.89,39205.29,16803.05,20259.29,-3206.65
QP6530/23,Saco,2026-02,163.52,286.17,369.0,128,102,99,0.97,36629.76,15699.2,37638.0,8448.66
QP6530/23,Saco,2026-03,163.52,286.17,369.0,89,94,94,1.0,25469.13,10915.85,34686.0,7786.02
QP6530/23,Saco,2026-04,163.52,286.17,369.0,158,80,172,2.15,45214.86,19378.7,29520.0,6626.4
QP6542/10,Extra,2025-12,135.6,237.3,298.7,289,252,322,1.28,68579.7,29391.3,75272.4,15472.8
QP6542/10,Extra,2026-01,135.6,237.3,285.06451612903226,125,251,196,0.78,29662.5,12712.5,71551.19,11988.89
QP6542/10,Extra,2026-02,135.6,237.3,262.7692307692308,177,236,137,0.58,42002.1,18000.9,62013.54,6010.74
QP6542/10,Extra,2026-03,135.6,237.3,267.06451612903226,179,256,60,0.23,42476.7,18204.3,68368.52,7619.72
QP6542/10,Extra,2026-04,135.6,237.3,269.0,571,248,383,1.54,135498.3,58070.7,66712.0,7861.6
S1151/00,Amazon,2025-10,83.22,145.64,181.04425531914893,0,101,95,0.94,0.0,0.0,18285.47,3575.83
S1151/00,Amazon,2025-11,83.22,145.64,109.53651685393258,19,80,34,0.42,2767.16,1185.98,8762.92,-2888.28
S1151/00,Amazon,2025-12,83.22,145.64,119.0,87,68,53,0.78,12670.68,5430.54,8092.0,-1811.52
S1151/00,Amazon,2026-01,83.22,145.64,118.19354838709677,90,78,65,0.83,13107.6,5617.8,9219.1,-2140.82
S1151/00,Amazon,2026-02,83.22,145.64,116.74374999999999,78,76,67,0.88,11359.92,4868.76,8872.52,-2196.12
S1151/00,Lulu,2025-10,83.22,145.64,176.3295744680851,415,583,5,0.01,60440.6,25904.3,102800.14,17892.02
S1151/00,Lulu,2025-11,83.22,145.64,190.0,716,423,298,0.7,104278.24,44692.72,80370.0,18764.28
S1151/00,Lulu,2025-12,83.22,145.64,181.14093959731542,709,409,598,1.46,103258.76,44255.78,74086.64,14519.88
S1151/00,Lulu,2026-01,83.22,145.64,170.2258064516129,760,449,909,2.02,110686.4,47439.2,76431.39,11039.03
S1151/00,Lulu,2026-02,83.22,145.64,161.0,322,424,807,1.9,46896.08,20099.24,68264.0,6512.64
S1151/00,Lulu,2026-03,83.22,145.64,153.23333333333332,0,408,399,0.98,0.0,0.0,62519.2,3098.08
S1151/00,Lulu,2026-04,83.22,145.64,159.0,478,443,434,0.98,69615.92,29836.76,70437.0,5918.48
S1151/00,Noon,2025-10,83.22,145.64,169.87851063829788,820,499,602,1.21,119424.8,51184.4,84769.38,12095.02
S1151/00,Noon,2025-11,83.22,145.64,108.43526785714286,56,319,339,1.06,8155.84,3495.52,34590.85,-11868.31
S1151/00,Noon,2025-12,83.22,145.64,117.90167785234898,461,311,489,1.57,67140.04,28775.62,36667.42,-8626.62
S1151/00,Noon,2026-01,83.22,145.64,118.19354838709677,9,305,193,0.63,1310.76,561.78,36049.03,-8371.17
S1151/00,Noon,2026-02,83.22,145.64,118.0,396,382,207,0.54,57673.44,24718.32,45076.0,-10558.48
S1151/00,Noon,2026-03,83.22,145.64,125.35185185185185,259,362,104,0.29,37720.76,16166.78,45377.37,-7344.31
S1151/00,Noon,2026-04,83.22,145.64,140.73,332,385,51,0.13,48352.48,20723.44,54181.05,-1890.35
S1151/00,Saco,2025-10,83.22,145.64,180.71893617021274,80,304,48,0.16,11651.2,4993.6,54938.56,10664.0
S1151/00,Saco,2025-11,83.22,145.64,135.6969696969697,187,206,29,0.14,27234.68,11672.54,27953.58,-2048.26
S1151/00,Saco,2025-12,83.22,145.64,166.38926174496643,440,180,289,1.61,64081.6,27464.8,29950.07,3734.87
S1151/00,Saco,2026-01,83.22,145.64,174.29032258064515,162,218,233,1.07,23593.68,10112.04,37995.29,6245.77
S1151/00,Saco,2026-02,83.22,145.64,189.0,46,213,66,0.31,6699.44,2871.32,40257.0,9235.68
S1151/00,Saco,2026-03,83.22,145.64,189.0,452,238,280,1.18,65829.28,28213.84,44982.0,10319.68
S1151/00,Saco,2026-04,83.22,145.64,170.2,143,191,232,1.21,20826.52,8926.06,32508.2,4690.96
S3144/00,Amazon,2025-10,185.82,325.18,407.3874468085106,324,307,241,0.79,105358.32,45152.64,125067.95,25237.69
S3144/00,Amazon,2025-11,185.82,325.18,189.59157894736842,181,247,175,0.71,58857.58,25224.16,46829.12,-33490.34
S3144/00,Amazon,2025-12,185.82,325.18,223.78814814814814,100,247,28,0.11,32518.0,13936.0,55275.67,-25043.79
S3144/00,Amazon,2026-01,185.82,325.18,214.21363636363637,482,241,269,1.12,156736.76,67171.52,51625.49,-26742.89
S3144/00,Amazon,2026-02,185.82,325.18,214.87115384615385,70,256,83,0.32,22762.6,9755.2,55007.02,-28239.06
S3144/00,Amazon,2026-03,185.82,325.18,206.63225806451615,268,216,135,0.62,87148.24,37348.48,44632.57,-25606.31
S3144/00,Amazon,2026-04,185.82,325.18,207.0,149,253,31,0.12,48451.82,20764.64,52371.0,-29899.54
S3144/00,Dawa,2025-10,185.82,325.18,350.30765957446806,180,231,147,0.64,58532.4,25084.8,80921.07,5804.49
S3144/00,Dawa,2025-11,185.82,325.18,257.39392857142855,165,194,118,0.61,53654.7,22994.4,49934.42,-13150.5
S3144/00,Dawa,2025-12,185.82,325.18,319.71561151079135,277,192,203,1.06,90074.86,38602.72,61385.4,-1049.16
S3144/00,Dawa,2026-01,185.82,325.18,307.24833333333333,95,164,134,0.82,30892.1,13239.2,50388.73,-2940.79
S3144/00,Dawa,2026-02,185.82,325.18,319.8931578947369,138,162,110,0.68,44874.84,19231.68,51822.69,-856.47
S3144/00,Dawa,2026-03,185.82,325.18,320.79,96,199,7,0.04,31217.28,13378.56,63837.21,-873.61
S3144/00,Dawa,2026-04,185.82,325.18,331.485,486,175,318,1.82,158037.48,67728.96,58009.88,1103.38
S3144/00,Extra,2025-10,185.82,325.18,281.80075,946,650,423,0.65,307620.28,131834.56,183170.49,-28196.51
S3144/00,Extra,2025-11,185.82,325.18,194.56140350877192,281,411,293,0.71,91375.58,39160.16,79964.74,-53684.24
S3144/00,Extra,2025-12,185.82,325.18,239.6711409395973,325,477,141,0.3,105683.5,45292.0,114323.13,-40787.73
S3144/00,Extra,2026-01,185.82,325.18,275.5806451612903,667,500,308,0.62,216895.06,92953.12,137790.32,-24799.68
S3144/00,Extra,2026-02,185.82,325.18,276.53846153846155,240,519,29,0.06,78043.2,33446.4,143523.46,-25244.96
S3144/00,Extra,2026-03,185.82,325.18,290.741935483871,420,435,14,0.03,136575.6,58531.2,126472.74,-14980.56
S3144/00,Extra,2026-04,185.82,325.18,299.26666666666665,524,488,50,0.1,170394.32,73024.64,146042.13,-12645.71
S3144/00,Lulu,2025-10,185.82,325.18,388.89000000000004,384,540,14,0.03,124869.12,53514.24,210000.6,34403.4
S3144/00,Lulu,2025-11,185.82,325.18,424.0,369,361,22,0.06,119991.42,51423.84,153064.0,35674.02
S3144/00,Lulu,2025-12,185.82,325.18,375.2751677852349,515,439,98,0.22,167467.7,71770.4,164745.8,21991.78
S3144/00,Lulu,2026-01,185.82,325.18,336.4375,514,439,173,0.39,167142.52,71631.04,147696.06,4942.04
S3144/00,Lulu,2026-02,185.82,325.18,305.0,638,469,342,0.73,207464.84,88911.68,143045.0,-9464.42
S3144/00,Lulu,2026-03,185.82,325.18,299.5,373,415,300,0.72,121292.14,51981.28,124292.5,-10657.2
S3144/00,Lulu,2026-04,185.82,325.18,309.0,227,382,145,0.38,73815.86,31634.72,118038.0,-6180.76
S3144/00,Nahdi,2025-10,185.82,325.18,339.47,262,361,18,0.05,85197.16,36512.32,122548.67,5158.69
S3144/00,Nahdi,2025-11,185.82,325.18,308.5861403508772,660,317,361,1.14,214618.8,91977.6,97821.81,-5260.25
S3144/00,Nahdi,2025-12,185.82,325.18,301.7140268456376,271,306,326,1.07,88123.78,37766.56,92324.49,-7180.59
S3144/00,Nahdi,2026-01,185.82,325.18,282.99645161290323,575,351,550,1.57,186978.5,80132.0,99331.75,-14806.43
S3144/00,Nahdi,2026-02,185.82,325.18,267.3151851851852,378,311,617,1.98,122918.04,52678.08,83135.02,-17995.96
S3144/00,Nahdi,2026-03,185.82,325.18,229.95,127,369,375,1.02,41297.86,17698.72,84851.55,-35139.87
S3144/00,Nahdi,2026-04,185.82,325.18,235.07,6,371,10,0.03,1951.08,836.16,87210.97,-33430.81
S3144/00,Noon,2025-10,185.82,325.18,380.5146808510638,1177,642,646,1.01,382736.86,164026.72,244290.43,35524.87
S3144/00,Noon,2025-11,185.82,325.18,192.7776315789474,426,544,528,0.97,138526.68,59367.36,104871.03,-72026.89
S3144/00,Noon,2025-12,185.82,325.18,202.95973154362417,143,520,151,0.29,46500.74,19928.48,105539.06,-63554.54
S3144/00,Noon,2026-01,185.82,325.18,216.30806451612904,464,489,126,0.26,150883.52,64663.04,105774.64,-53238.38
S3144/00,Noon,2026-02,185.82,325.18,216.73846153846154,1318,436,1008,2.31,428587.24,183676.48,94497.97,-47280.51
S3144/00,Noon,2026-03,185.82,325.18,215.90483870967742,0,476,532,1.12,0.0,0.0,102770.7,-52014.98
S3144/00,Noon,2026-04,185.82,325.18,208.42999999999998,210,491,251,0.51,68287.8,29265.6,102339.13,-57324.25
S3144/00,Saco,2025-10,185.82,325.18,389.1217021276596,0,175,17,0.1,0.0,0.0,68096.3,11189.8
S3144/00,Saco,2025-11,185.82,325.18,255.16808080808082,185,122,80,0.66,60158.3,25781.6,31130.51,-8541.45
S3144/00,Saco,2025-12,185.82,325.18,326.66442953020135,65,138,7,0.05,21136.7,9058.4,45079.69,204.85
S3144/00,Saco,2026-01,185.82,325.18,354.4516129032258,286,129,164,1.27,93001.48,39856.96,45724.26,3776.04
S3144/00,Saco,2026-02,185.82,325.18,258.61538461538464,0,110,54,0.49,0.0,0.0,28447.69,-7322.11
S3144/00,Saco,2026-03,185.82,325.18,347.0,146,141,59,0.42,47476.28,20346.56,48927.0,3076.62
S3144/00,Saco,2026-04,185.82,325.18,365.0,109,124,44,0.35,35444.62,15190.24,45260.0,4937.68
S5885/10,Amazon,2025-10,247.86,433.76,541.3631914893617,145,302,133,0.44,62895.2,26955.5,163491.68,32496.16
S5885/10,Amazon,2025-11,247.86,433.76,362.1650495049505,509,230,412,1.79,220783.84,94623.1,83297.96,-16466.84
S5885/10,Amazon,2025-12,247.86,433.76,395.0,0,194,218,1.12,0.0,0.0,76630.0,-7519.44
S5885/10,Amazon,2026-01,247.86,433.76,388.6290322580645,366,229,355,1.55,158756.16,68039.4,88996.05,-10334.99
S5885/10,Amazon,2026-02,247.86,433.76,375.38576923076926,0,220,135,0.61,0.0,0.0,82584.87,-12842.33
S5885/10,Amazon,2026-03,247.86,433.76,400.54740740740743,208,214,129,0.6,90222.08,38667.2,85717.15,-7107.49
S5885/10,Amazon,2026-04,247.86,433.76,406.87142857142857,322,250,201,0.8,139670.72,59859.8,101717.86,-6722.14
S5885/10,Noon,2025-10,247.86,433.76,512.9817021276596,140,365,14,0.04,60726.4,26026.0,187238.32,28915.92
S5885/10,Noon,2025-11,247.86,433.76,400.59818181818184,549,234,329,1.41,238134.24,102059.1,93739.97,-7759.87
S5885/10,Noon,2025-12,247.86,433.76,395.0,296,252,373,1.48,128392.96,55026.4,99540.0,-9767.52
S5885/10,Noon,2026-01,247.86,433.76,393.758064516129,70,288,155,0.54,30363.2,13013.0,113402.32,-11520.56
S5885/10,Noon,2026-02,247.86,433.76,392.31592592592597,163,231,87,0.38,70702.88,30301.7,90624.98,-9573.58
S5885/10,Noon,2026-03,247.86,433.76,407.92333333333335,509,234,362,1.55,220783.84,94623.1,95454.06,-6045.78
S5885/10,Noon,2026-04,247.86,433.76,411.1066666666667,177,218,321,1.47,76775.52,32904.3,89621.25,-4938.43
S5887/10,Lulu,2025-10,264.08,462.14,533.5259574468085,43,147,132,0.9,19872.02,8516.58,78428.32,10493.74
S5887/10,Lulu,2025-11,264.08,462.14,513.5089285714286,42,134,40,0.3,19409.88,8318.52,68810.2,6883.44
S5887/10,Lulu,2025-12,264.08,462.14,544.3087248322148,309,130,219,1.68,142801.26,61200.54,70760.13,10681.93
S5887/10,Lulu,2026-01,264.08,462.14,527.516129032258,91,116,194,1.67,42054.74,18023.46,61191.87,7583.63
S5887/10,Lulu,2026-02,264.08,462.14,513.0,179,129,244,1.89,82723.06,35452.74,66177.0,6560.94
S5887/10,Lulu,2026-03,264.08,462.14,519.4,111,118,237,2.01,51297.54,21984.66,61289.2,6756.68
S5887/10,Lulu,2026-04,264.08,462.14,509.0,9,138,108,0.78,4159.26,1782.54,70242.0,6466.68
S5887/10,Noon,2025-10,264.08,462.14,507.30744680851063,250,421,16,0.04,115535.0,49515.0,213576.44,19015.5
S5887/10,Noon,2025-11,264.08,462.14,312.75,856,252,620,2.46,395591.84,169539.36,78813.0,-37646.28
S5887/10,Noon,2025-12,264.08,462.14,329.13422818791946,40,288,372,1.29,18485.6,7922.4,94790.66,-38305.66
S5887/10,Noon,2026-01,264.08,462.14,389.5,0,281,91,0.32,0.0,0.0,109449.5,-20411.84
S5887/10,Noon,2026-02,264.08,462.14,389.996,392,245,238,0.97,181158.88,77639.52,95549.02,-17675.28
S5887/10,Noon,2026-03,264.08,462.14,415.71451612903223,116,239,115,0.48,53608.24,22974.96,99355.77,-11095.69
S5887/10,Noon,2026-04,264.08,462.14,399.0,707,257,565,2.2,326732.98,140028.42,102543.0,-16226.98
S5887/10,Saco,2025-10,264.08,462.14,533.3542553191489,270,291,237,0.81,124777.8,53476.2,155206.09,20723.35
S5887/10,Saco,2025-11,264.08,462.14,487.33673469387753,373,215,395,1.84,172378.22,73876.38,104777.4,5417.3
S5887/10,Saco,2025-12,264.08,462.14,522.0671140939597,185,204,376,1.84,85495.9,36641.1,106501.69,12225.13
S5887/10,Saco,2026-01,264.08,462.14,521.3870967741935,181,209,348,1.67,83647.34,35848.86,108969.9,12382.64
S5887/10,Saco,2026-02,264.08,462.14,569.0,0,195,153,0.78,0.0,0.0,110955.0,20837.7
S5887/10,Saco,2026-03,264.08,462.14,569.0,59,208,4,0.02,27266.26,11685.54,118352.0,22226.88
S5887/10,Saco,2026-04,264.08,462.14,557.0,242,205,41,0.2,111837.88,47930.52,114185.0,19446.3
S7885/50,Amazon,2025-10,394.81,690.91,846.2627659574467,243,296,55,0.19,167891.13,71952.3,250493.78,45984.42
S7885/50,Amazon,2025-11,394.81,690.91,814.1579069767442,428,220,263,1.2,295709.48,126730.8,179114.74,27114.54
S7885/50,Amazon,2025-12,394.81,690.91,818.43,440,236,467,1.98,304000.4,130284.0,193149.48,30094.72
S7885/50,Amazon,2026-01,394.81,690.91,818.43,0,187,280,1.5,0.0,0.0,153046.41,23846.24
S7885/50,Amazon,2026-02,394.81,690.91,818.4300000000001,266,236,310,1.31,183782.06,78762.6,193149.48,30094.72
S7885/50,Amazon,2026-03,394.81,690.91,826.6596774193548,137,195,252,1.29,94654.67,40565.7,161198.64,26471.19
S7885/50,Amazon,2026-04,394.81,690.91,818.43,231,217,266,1.23,159600.21,68399.1,177599.31,27671.84
S7885/50,Noon,2025-10,394.81,690.91,806.983829787234,770,612,274,0.45,532000.7,227997.0,493874.1,71037.18
S7885/50,Noon,2025-11,394.81,690.91,601.9557522123894,827,366,735,2.01,571382.57,244874.7,220315.81,-32557.25
S7885/50,Noon,2025-12,394.81,690.91,586.0,0,365,370,1.01,0.0,0.0,213890.0,-38292.15
S7885/50,Noon,2026-01,394.81,690.91,715.5727272727273,939,384,925,2.41,648764.49,278037.9,274779.93,9470.49
S7885/50,Noon,2026-02,394.81,690.91,806.8295999999999,133,442,616,1.39,91891.03,39381.3,356618.68,51236.46
S7885/50,Noon,2026-03,394.81,690.91,730.1322580645161,214,336,494,1.47,147854.74,63365.4,245324.44,13178.68
S7885/50,Noon,2026-04,394.81,690.91,749.458,459,443,510,1.15,317127.69,135909.9,332009.89,25936.76
S7886/35,Extra,2025-10,376.64,659.12,590.68425,82,145,109,0.75,54047.84,23163.36,85649.22,-9923.18
S7886/35,Extra,2025-11,376.64,659.12,664.0526315789474,195,133,171,1.29,128528.4,55083.6,88319.0,656.04
S7886/35,Extra,2025-12,376.64,659.12,703.8993288590603,164,132,203,1.54,108095.68,46326.72,92914.71,5910.87
S7886/35,Extra,2026-01,376.64,659.12,751.3870967741935,65,116,152,1.31,42842.8,18361.2,87160.9,10702.98
S7886/35,Extra,2026-02,376.64,659.12,745.0,161,117,196,1.68,106118.32,45479.28,87165.0,10047.96
S7886/35,Extra,2026-03,376.64,659.12,748.0967741935484,0,115,81,0.7,0.0,0.0,86031.13,10232.33
S7886/35,Extra,2026-04,376.64,659.12,749.0,225,121,185,1.53,148302.0,63558.0,90629.0,10875.48
S7886/35,Noon,2025-10,376.64,659.12,743.7285106382978,919,530,657,1.24,605731.28,259599.12,394176.11,44842.51
S7886/35,Noon,2025-11,376.64,659.12,664.5714285714286,0,366,291,0.8,0.0,0.0,243233.14,1995.22
S7886/35,Noon,2025-12,376.64,659.12,666.0588235294117,513,369,435,1.18,338128.56,144912.24,245775.71,2560.43
S7886/35,Noon,2026-01,376.64,659.12,745.0,695,419,711,1.7,458088.4,196323.6,312155.0,35983.72
S7886/35,Noon,2026-02,376.64,659.12,748.2307692307693,84,397,398,1.0,55366.08,23728.32,297047.62,35376.98
S7886/35,Noon,2026-03,376.64,659.12,788.2854838709677,271,441,228,0.52,178621.52,76552.08,347633.9,56961.98
S7886/35,Noon,2026-04,376.64,659.12,838.66,594,489,333,0.68,391517.28,167793.12,410104.74,87795.06
S7886/35,Saco,2025-10,376.64,659.12,769.2144680851064,555,528,171,0.32,365811.6,156776.4,406145.24,58129.88
S7886/35,Saco,2025-11,376.64,659.12,709.3939393939394,911,394,688,1.75,600458.32,257339.28,279501.21,19807.93
S7886/35,Saco,2025-12,376.64,659.12,760.6040268456376,296,376,608,1.62,195099.52,83614.08,285987.11,38157.99
S7886/35,Saco,2026-01,376.64,659.12,785.3548387096774,50,426,232,0.54,32956.0,14124.0,334561.16,53776.04
S7886/35,Saco,2026-02,376.64,659.12,761.1538461538462,1051,432,851,1.97,692735.12,296886.48,328818.46,44078.62
S7886/35,Saco,2026-03,376.64,659.12,820.8709677419355,389,429,811,1.89,256397.68,109884.72,352153.65,69391.17
S7886/35,Saco,2026-04,376.64,659.12,797.0,0,440,371,0.84,0.0,0.0,350680.0,60667.2
S9985/50,Amazon,2025-10,615.5,1077.12,1350.47,297,305,255,0.84,319904.64,137101.14,411893.35,83371.75
S9985/50,Amazon,2025-11,615.5,1077.12,629.0,555,281,529,1.88,597801.6,256199.1,176749.0,-125921.72
S9985/50,Amazon,2026-02,615.5,1077.12,801.41,9,274,264,0.96,9694.08,4154.58,219586.34,-75544.54
S9985/50,Amazon,2026-03,615.5,1077.12,801.41,308,234,338,1.44,331752.96,142178.96,187529.94,-64516.14
S9985/50,Amazon,2026-04,615.5,1077.12,799.37,141,289,190,0.66,151873.92,65088.42,231017.93,-80269.75
S9985/50,Extra,2025-10,615.5,1077.12,884.034,177,298,113,0.38,190650.24,81706.74,263442.13,-57539.63
S9985/50,Extra,2025-11,615.5,1077.12,698.3859649122807,144,257,0,0.0,155105.28,66473.28,179485.19,-97334.65
S9985/50,Extra,2025-12,615.5,1077.12,722.7785234899329,522,223,299,1.34,562256.64,240965.64,161179.61,-79018.15
S9985/50,Extra,2026-01,615.5,1077.12,730.5625,380,238,441,1.85,409305.6,175415.6,173873.88,-82480.68
S9985/50,Extra,2026-02,615.5,1077.12,700.0,345,259,527,2.03,371606.4,159258.9,181300.0,-97674.08
S9985/50,Extra,2026-03,615.5,1077.12,700.0,0,248,279,1.12,0.0,0.0,173600.0,-93525.76
S9985/50,Extra,2026-04,615.5,1077.12,700.0,319,238,360,1.51,343601.28,147256.78,166600.0,-89754.56
S9985/50,Nahdi,2025-10,615.5,1077.12,1098.9893023255813,867,566,542,0.96,933863.04,400224.54,622027.95,12378.03
S9985/50,Noon,2025-10,615.5,1077.12,1238.068085106383,273,547,23,0.04,294053.76,126022.26,677223.24,88038.6
S9985/50,Noon,2026-01,615.5,1077.12,1311.0,612,318,317,1.0,659197.44,282511.44,416898.0,74373.84
S9985/50,Saco,2025-10,615.5,1077.12,1290.387234042553,81,156,25,0.16,87246.72,37391.22,201300.41,33269.69
S9985/50,Saco,2025-11,615.5,1077.12,699.0,127,128,24,0.19,136794.24,58625.74,89472.0,-48399.36
S9985/50,Saco,2025-12,615.5,1077.12,884.4496644295302,269,126,167,1.33,289745.28,124175.78,111440.66,-24276.46
S9985/50,Saco,2026-01,615.5,1077.12,1313.8387096774193,44,111,100,0.9,47393.28,20311.28,145836.1,26275.78
S9985/50,Saco,2026-02,615.5,1077.12,1399.0,158,123,135,1.1,170184.96,72935.96,172077.0,39591.24
S9985/50,Saco,2026-03,615.5,1077.12,1399.0,41,125,51,0.41,44161.92,18926.42,174875.0,40235.0
S9985/50,Saco,2026-04,615.5,1077.12,1399.0,206,128,129,1.01,221886.72,95093.72,179072.0,41200.64
SP9871/22,Amazon,2025-10,959.72,1679.51,2098.47914893617,78,234,132,0.56,131001.78,56143.62,491044.12,98038.78
SP9871/22,Amazon,2025-11,959.72,1679.51,1384.297741935484,330,148,314,2.12,554238.3,237530.7,204876.07,-43691.41
SP9871/22,Amazon,2025-12,959.72,1679.51,1287.253355704698,0,151,163,1.08,0.0,0.0,194375.26,-59230.75
SP9871/22,Amazon,2026-01,959.72,1679.51,1414.6677419354837,331,153,341,2.23,555917.81,238250.49,216444.16,-40520.87
SP9871/22,Amazon,2026-02,959.72,1679.51,1446.75,105,167,279,1.67,176348.55,75577.95,241607.25,-38870.92
SP9871/22,Amazon,2026-03,959.72,1679.51,1446.75,229,140,368,2.63,384607.79,164831.91,202545.0,-32586.4
SP9871/22,Amazon,2026-04,959.72,1679.51,1423.365,0,169,199,1.18,0.0,0.0,240548.68,-43288.51
SP9871/22,Noon,2025-10,959.72,1679.51,1972.874255319149,437,463,217,0.47,733945.87,314548.23,913440.78,135827.65
SP9871/22,Noon,2025-11,959.72,1679.51,1474.3509174311926,673,319,571,1.79,1130310.23,484418.67,470317.94,-65445.75
SP9871/22,Noon,2025-12,959.72,1679.51,1276.1543624161075,458,378,651,1.72,769215.58,329663.82,482386.35,-152468.43
SP9871/22,Noon,2026-01,959.72,1679.51,1446.3064516129032,0,336,315,0.94,0.0,0.0,485958.97,-78356.39
SP9871/22,Noon,2026-02,959.72,1679.51,1446.75,368,298,385,1.29,618059.68,264882.72,431131.5,-69362.48
SP9871/22,Noon,2026-03,959.72,1679.51,1454.85,0,373,12,0.03,0.0,0.0,542659.05,-83798.18
SP9871/22,Noon,2026-04,959.72,1679.51,1423.674,521,294,239,0.81,875024.71,375010.59,418560.16,-75215.78
TT2000/43,Amazon,2025-10,39.6,69.3,64.76,202,168,178,1.06,13998.6,5999.4,10879.68,-762.72
TT2000/43,Amazon,2025-11,39.6,69.3,54.89912280701754,99,120,157,1.31,6860.7,2940.3,6587.89,-1728.11
TT2000/43,Amazon,2025-12,39.6,69.3,57.152551724137936,115,106,166,1.57,7969.5,3415.5,6058.17,-1287.63
TT2000/43,Amazon,2026-01,39.6,69.3,59.27451612903226,45,122,89,0.73,3118.5,1336.5,7231.49,-1223.11
TT2000/43,Amazon,2026-02,39.6,69.3,53.57142857142857,53,111,31,0.28,3672.9,1574.1,5946.43,-1745.87
TT2000/43,Amazon,2026-03,39.6,69.3,63.0,118,109,40,0.37,8177.4,3504.6,6867.0,-686.7
TT2000/43,Amazon,2026-04,39.6,69.3,63.8,123,96,67,0.7,8523.9,3653.1,6124.8,-528.0
TT2000/43,Dawa,2025-10,39.6,69.3,58.824749999999995,0,166,55,0.33,0.0,0.0,9764.91,-1738.89
TT2000/43,Dawa,2025-11,39.6,69.3,41.56131578947369,101,134,22,0.16,6999.3,2999.7,5569.22,-3716.98
TT2000/43,Dawa,2025-12,39.6,69.3,51.546258992805754,272,114,180,1.58,18849.6,8078.4,5876.27,-2023.93
TT2000/43,Dawa,2026-01,39.6,69.3,49.53666666666667,233,120,293,2.44,16146.9,6920.1,5944.4,-2371.6
TT2000/43,Dawa,2026-02,39.6,69.3,50.96818181818182,0,119,174,1.46,0.0,0.0,6065.21,-2181.49
TT2000/43,Dawa,2026-03,39.6,69.3,51.71999999999999,32,122,84,0.69,2217.6,950.4,6309.84,-2144.76
TT2000/43,Dawa,2026-04,39.6,69.3,53.44500000000001,104,103,85,0.83,7207.2,3088.8,5504.84,-1633.06
TT2000/43,Extra,2025-10,39.6,69.3,50.8365,161,228,155,0.68,11157.3,4781.7,11590.72,-4209.68
TT2000/43,Extra,2025-11,39.6,69.3,55.421052631578945,287,182,260,1.43,19889.1,8523.9,10086.63,-2525.97
TT2000/43,Extra,2025-12,39.6,69.3,59.24832214765101,25,155,130,0.84,1732.5,742.5,9183.49,-1558.01
TT2000/43,Extra,2026-01,39.6,69.3,61.516129032258064,309,155,284,1.83,21413.7,9177.3,9535.0,-1206.5
TT2000/43,Extra,2026-02,39.6,69.3,59.76923076923077,130,145,269,1.86,9009.0,3861.0,8666.54,-1381.96
TT2000/43,Extra,2026-03,39.6,69.3,63.32258064516129,11,167,113,0.68,762.3,326.7,10574.87,-998.23
TT2000/43,Extra,2026-04,39.6,69.3,64.0,378,190,301,1.58,26195.4,11226.6,12160.0,-1007.0
TT2000/43,Lulu,2025-10,39.6,69.3,62.18702127659574,0,72,96,1.33,0.0,0.0,4477.47,-512.13
TT2000/43,Noon,2025-10,39.6,69.3,61.37085106382978,17,213,22,0.1,1178.1,504.9,13071.99,-1688.91
TT2000/43,Noon,2025-11,39.6,69.3,57.44144144144144,247,156,113,0.72,17117.1,7335.9,8960.86,-1849.94
TT2000/43,Noon,2025-12,39.6,69.3,62.41744966442953,244,177,180,1.02,16909.2,7246.8,11047.89,-1218.21
TT2000/43,Noon,2026-01,39.6,69.3,77.88870967741936,244,172,252,1.47,16909.2,7246.8,13396.86,1477.26
TT2000/43,Noon,2026-02,39.6,69.3,84.0,175,161,266,1.65,12127.5,5197.5,13524.0,2366.7
TT2000/43,Noon,2026-03,39.6,69.3,83.45161290322581,121,178,209,1.17,8385.3,3593.7,14854.39,2518.99
TT2000/43,Noon,2026-04,39.6,69.3,72.51,139,171,177,1.04,9632.7,4128.3,12399.21,548.91
TT2000/43,Saco,2025-10,39.6,69.3,61.42361702127659,346,423,83,0.2,23977.8,10276.2,25982.19,-3331.71
TT2000/43,Saco,2025-11,39.6,69.3,56.47676767676767,643,292,434,1.49,44559.9,19097.1,16491.22,-3744.38
TT2000/43,Saco,2025-12,39.6,69.3,60.77181208053691,244,247,431,1.74,16909.2,7246.8,15010.64,-2106.46
TT2000/43,Saco,2026-01,39.6,69.3,64.61290322580645,346,248,529,2.13,23977.8,10276.2,16024.0,-1162.4
TT2000/43,Saco,2026-02,39.6,69.3,60.15384615384615,0,237,292,1.23,0.0,0.0,14256.46,-2167.64
TT2000/43,Saco,2026-03,39.6,69.3,64.41935483870968,509,253,548,2.17,35273.7,15117.3,16298.1,-1234.8
TT2000/43,Saco,2026-04,39.6,69.3,64.6,0,307,241,0.79,0.0,0.0,19832.2,-1442.9
X3021/00,Dawa,2025-10,104.46,182.8,213.29899999999998,324,491,25,0.05,59227.2,25382.16,104729.81,14975.01
X3021/00,Dawa,2025-11,104.46,182.8,154.3942105263158,558,312,271,0.87,102002.4,43713.72,48170.99,-8862.61
X3021/00,Dawa,2025-12,104.46,182.8,191.418,442,368,345,0.94,80797.6,34626.28,70441.82,3171.42
X3021/00,Dawa,2026-01,104.46,182.8,184.89100000000002,193,345,193,0.56,35280.4,15119.62,63787.4,721.4
X3021/00,Dawa,2026-02,104.46,182.8,189.83666666666667,595,305,483,1.58,108766.0,46612.3,57900.18,2146.18
X3021/00,Dawa,2026-03,104.46,182.8,192.15,604,328,759,2.31,110411.2,47317.36,63025.2,3066.8
X3021/00,Dawa,2026-04,104.46,182.8,198.555,152,332,579,1.74,27785.6,11907.68,65920.26,5230.66
X3021/00,Extra,2025-10,104.46,182.8,178.1709090909091,1271,689,798,1.16,232338.8,99570.14,122759.76,-3189.44
X3021/00,Extra,2025-11,104.46,182.8,170.75641025641025,77,374,501,1.34,14075.6,6032.18,63862.9,-4504.3
X3021/00,Extra,2025-12,104.46,182.8,187.29530201342283,302,407,396,0.97,55205.6,23658.68,76229.19,1829.59
X3021/00,Extra,2026-01,104.46,182.8,201.6451612903226,288,439,245,0.56,52646.4,22561.92,88522.23,8273.03
X3021/00,Extra,2026-02,104.46,182.8,214.0,751,407,589,1.45,137282.8,58833.34,87098.0,12698.4
X3021/00,Extra,2026-03,104.46,182.8,206.29032258064515,401,454,536,1.18,73302.8,31414.34,93655.81,10664.61
X3021/00,Extra,2026-04,104.46,182.8,209.8,188,435,289,0.66,34366.4,14727.92,91263.0,11745.0
X3021/00,Noon,2025-10,104.46,182.8,224.75127659574466,21,142,4,0.03,3838.8,1645.14,31914.68,5957.08
X3021/00,Noon,2025-11,104.46,182.8,165.79375,136,119,21,0.18,24860.8,10654.24,19729.46,-2023.74
X3021/00,Noon,2025-12,104.46,182.8,164.0,225,109,137,1.26,41130.0,17626.5,17876.0,-2049.2
X3021/00,Noon,2026-01,104.46,182.8,186.64633333333333,139,93,183,1.97,25409.2,10889.26,17358.11,357.71
X3021/00,Noon,2026-02,104.46,182.8,211.0648148148148,89,107,165,1.54,16269.2,6972.26,22583.94,3024.34
X3021/00,Noon,2026-03,104.46,182.8,191.708064516129,0,114,51,0.45,0.0,0.0,21854.72,1015.52
X3021/00,Noon,2026-04,104.46,182.8,162.96666666666667,282,111,222,2.0,51549.6,22091.88,18089.3,-2201.5
X3063/00,Amazon,2025-10,140.19,245.33,300.67936170212766,608,501,281,0.56,149160.64,63925.12,150640.36,27730.03
X3063/00,Amazon,2025-11,140.19,245.33,216.20754385964912,597,448,430,0.96,146462.01,62768.58,96860.98,-13046.86
X3063/00,Amazon,2025-12,140.19,245.33,243.63087248322148,367,386,411,1.06,90036.11,38586.38,94041.52,-655.86
X3063/00,Amazon,2026-01,140.19,245.33,240.06451612903226,570,352,629,1.79,139838.1,59929.8,84502.71,-1853.45
X3063/00,Amazon,2026-02,140.19,245.33,211.7076923076923,159,354,434,1.23,39007.47,16717.26,74944.52,-11902.3
X3063/00,Amazon,2026-03,140.19,245.33,199.78333333333333,467,345,556,1.61,114569.11,49100.38,68925.25,-15713.6
X3063/00,Amazon,2026-04,140.19,245.33,201.26666666666668,462,428,590,1.38,113342.46,48574.68,86142.13,-18859.11
X3063/00,Noon,2025-10,140.19,245.33,285.37340425531914,503,489,160,0.33,123400.99,52885.42,139547.59,19581.22
X3063/00,Noon,2025-11,140.19,245.33,228.04454545454547,848,345,663,1.92,208039.84,89158.72,78675.37,-5963.48
X3063/00,Noon,2025-12,140.19,245.33,244.0,105,430,338,0.79,25759.65,11039.7,104920.0,-571.9
X3063/00,Noon,2026-01,140.19,245.33,242.31451612903226,681,370,649,1.75,167069.73,71600.34,89656.37,-1115.73
X3063/00,Noon,2026-02,140.19,245.33,234.3230769230769,231,334,546,1.63,56671.23,24287.34,78263.91,-3676.31
X3063/00,Noon,2026-03,140.19,245.33,237.35357142857143,569,336,779,2.32,139592.77,59824.66,79750.8,-2680.08
X3063/00,Noon,2026-04,140.19,245.33,258.85,467,347,899,2.59,114569.11,49100.38,89820.95,4691.44
X3063/00,Saco,2025-10,140.19,245.33,296.59823529411767,285,303,141,0.47,69919.05,29964.9,89869.27,15534.28
X3063/00,Saco,2025-11,140.19,245.33,245.89012987012987,398,220,319,1.45,97641.34,41845.72,54095.83,123.23
X3063/00,Saco,2025-12,140.19,245.33,291.1744966442953,225,188,356,1.89,55199.25,23656.5,54740.81,8618.77
X3063/00,Saco,2026-01,140.19,245.33,297.80645161290323,0,186,170,0.91,0.0,0.0,55392.0,9760.62
X3063/00,Saco,2026-02,140.19,245.33,319.0,205,227,148,0.65,50292.65,21553.7,72413.0,16723.09
X3063/00,Saco,2026-03,140.19,245.33,319.0,486,221,413,1.87,119230.38,51098.04,70499.0,16281.07
X3063/00,Saco,2026-04,140.19,245.33,252.25,21,206,228,1.11,5151.93,2207.94,51963.5,1425.52
XP9202/10,Extra,2025-12,447.6,783.3,1116.0,385,380,215,0.57,301570.5,129244.5,424080.0,126426.0
XP9202/10,Extra,2026-01,447.6,783.3,1037.7096774193549,459,354,320,0.9,359534.7,154086.3,367349.23,90061.03
XP9202/10,Extra,2026-02,447.6,783.3,999.0,441,373,388,1.04,345435.3,148043.7,372627.0,80456.1
XP9202/10,Extra,2026-03,447.6,783.3,1041.5806451612902,252,375,265,0.71,197391.6,84596.4,390592.74,96855.24
XP9202/10,Extra,2026-04,447.6,783.3,1059.0,494,362,397,1.1,386950.2,165835.8,383358.0,99803.4
